CREATE TABLE IF NOT EXISTS `goods` (
  `goods_id` int(10) unsigned NOT NULL AUTO_INCREMENT COMMENT '商品ID',
  `elid` int(10) NOT NULL COMMENT '商品ID',
  `order_id` int(11) unsigned NOT NULL COMMENT '订单ID',
  `goods_name` varchar(64) NOT NULL COMMENT '商品名称',
  `size` varchar(64) NOT NULL COMMENT '商品尺寸',
  `count` tinyint(5) unsigned NOT NULL DEFAULT '1' COMMENT '商品数量',
  `page_count` tinyint(5) unsigned NOT NULL DEFAULT '0' COMMENT '商品页数',
  `technology` varchar(255) NOT NULL COMMENT '商品工艺',
  `paper` varchar(255) NOT NULL COMMENT '纸张',
  `status` tinyint(3) unsigned NOT NULL COMMENT '商品状态。1：下载中；2：下载失败；3：下载成功4：印刷中；6：制作中；5：未制作；7：未出；8：已出',
  `price` decimal(10,2) NOT NULL COMMENT '价格',
  `path` text COMMENT 'pdf路径',
  `barcode` int(10) NOT NULL DEFAULT '0' COMMENT '扫码的数量',
  PRIMARY KEY (`goods_id`),
  KEY `querygoods` (`order_id`,`elid`)
) ENGINE=InnoDB  DEFAULT CHARSET=utf8 AUTO_INCREMENT=167704 ;

INSERT INTO `goods` (`goods_id`, `elid`, `order_id`, `goods_name`, `size`, `count`, `page_count`, `technology`, `paper`, `status`, `price`, `path`, `barcode`) VALUES
(126146, 0, 10022, '速度', '24x24cm', 1, 22, '高清照片书(蝴蝶装)', '', 5, '0.00', 'F:/wamp/www/content.pdf', 1),
(127216, 0, 10022, '速度', '24x24cm', 10, 22, '高清照片书(书籍装)', '', 5, '0.00', 'F:/wamp/www/content.pdf', 10),
(127227, 0, 10020, '速度阿萨德', '24x24cm', 10, 22, '高清照片书(蝴蝶装)', '', 6, '0.00', 'F:/wamp/www/content.pdf', 0),
(127237, 0, 10020, '这是测试', '24X24cm', 5, 22, '标清照片书(书籍装)', '', 5, '0.00', 'F:/wamp/www/content.pdf', 0),
(127246, 0, 10020, '速度', '24x24cm', 10, 22, '高清照片书(蝴蝶装)', '', 5, '0.00', 'F:/wamp/www/content.pdf', 0),
(127247, 0, 10020, '速度阿萨德', '24x24cm', 10, 22, '高清照片书(书籍装)', '', 5, '0.00', 'F:/wamp/www/content.pdf', 0),
(127248, 0, 10020, '这是测试氢气球', '24X24cm', 5, 2, '标清照片书(书籍装)', '', 5, '0.00', 'F:/wamp/www/content.pdf', 0),
(127297, 0, 1771, '这是测试', '24X24cm', 5, 22, '标清照片书(书籍装)', '', 3, '0.00', 'F:/wamp/www/content.pdf', 0),
(127298, 0, 1771, '这是测试氢气球', '24X24cm', 5, 22, '标清照片书(书籍装)', '', 3, '0.00', 'F:/wamp/www/content.pdf', 0),
(127397, 0, 10021, '这是测试', '100x100cm', 5, 22, '标清照片书(书籍装)', '', 7, '0.00', 'F:/wamp/www/content.pdf', 5),
(127447, 0, 10012, '速度阿萨德', '24x24cm', 10, 3, '高清照片书(蝴蝶装)', '', 3, '0.00', 'F:/wamp/www/content.pdf', 0),
(127598, 0, 1772, '这是测试氢气球', '100x100cm', 5, 22, '标清照片书(书籍装)', '', 3, '0.00', 'F:/wamp/www/content.pdf', 0),
(155146, 0, 1772, '速度', '100x100cm', 10, 1, '高清照片书(蝴蝶装)', '', 3, '0.00', 'F:/wamp/www/content.pdf', 0),
(156216, 0, 1778, '速度', '24x24cm', 10, 22, '高清照片书(书籍装)', '', 3, '0.00', 'F:/wamp/www/content.pdf', 0),
(156227, 0, 1778, '速度阿萨德', '24x24cm', 10, 6, '高清照片书(蝴蝶装)', '', 3, '0.00', 'F:/wamp/www/content.pdf', 0),
(156237, 0, 1779, '这是测试', '24X24cm', 5, 22, '标清照片书(书籍装)', '', 3, '0.00', 'F:/wamp/www/content.pdf', 0),
(156246, 0, 1779, '速度', '24x24cm', 10, 22, '高清照片书(蝴蝶装)', '', 3, '0.00', 'F:/wamp/www/content.pdf', 0),
(156247, 0, 1779, '速度阿萨德', '24x24cm', 10, 22, '高清照片书(蝴蝶装)', '', 3, '0.00', 'F:/wamp/www/content.pdf', 0),
(156248, 0, 1792, '这是测试氢气球', '24X24cm', 5, 22, '标清照片书(书籍装)', '', 3, '0.00', 'F:/wamp/www/content.pdf', 0),
(156297, 0, 1792, '这是测试', '24X24cm', 5, 22, '标清照片书(书籍装)', '', 3, '0.00', 'F:/wamp/www/content.pdf', 5),
(156298, 156397, 1792, '这是测试氢气球', '24X24cm', 5, 22, '标清照片书(书籍装)', '', 3, '0.00', 'F:/wamp/www/content.pdf', 0),
(156397, 156397, 1806, '这是测试', '24X24cm', 5, 22, '标清照片书(书籍装)', '', 8, '0.00', 'F:/wamp/www/content.pdf', 5),
(156447, 156395, 1806, '速度阿萨德', '24x24cm', 10, 22, '高清照片书(蝴蝶装)', '', 8, '0.00', 'F:/wamp/www/content.pdf', 10),
(156598, 156396, 1806, '这是测试氢气球', '24X24cm', 5, 22, '标清照片书(书籍装)', '', 8, '0.00', 'F:/wamp/www/content.pdf', 5),
(157146, 0, 1833, '速度', '100x100cm', 10, 1, '高清照片书(蝴蝶装)', '', 3, '0.00', 'F:/wamp/www/content.pdf', 0),
(157216, 0, 1833, '速度', '24x24cm', 10, 22, '高清照片书(书籍装)', '', 3, '0.00', 'F:/wamp/www/content.pdf', 0),
(157227, 0, 10007, '速度阿萨德', '24x24cm', 10, 22, '高清照片书(蝴蝶装)', '', 3, '0.00', 'F:/wamp/www/content.pdf', 0),
(157237, 0, 10007, '这是测试', '24X24cm', 5, 22, '标清照片书(书籍装)', '', 3, '0.00', 'F:/wamp/www/content.pdf', 0),
(157246, 0, 10004, '速度', '24x24cm', 10, 22, '高清照片书(蝴蝶装)', '', 3, '0.00', 'F:/wamp/www/content.pdf', 0),
(157247, 0, 10004, '速度阿萨德', '24x24cm', 10, 22, '高清照片书(书籍装)', '', 3, '0.00', 'F:/wamp/www/content.pdf', 0),
(157248, 0, 10006, '这是测试氢气球', '24X24cm', 5, 2, '标清照片书(书籍装)', '', 3, '0.00', 'F:/wamp/www/content.pdf', 0),
(157297, 0, 10007, '这是测试', '24X24cm', 5, 22, '标清照片书(书籍装)', '', 3, '0.00', 'F:/wamp/www/content.pdf', 0),
(157298, 0, 1763, '这是测试氢气球', '24X24cm', 5, 22, '标清照片书(书籍装)', '', 3, '0.00', 'F:/wamp/www/content.pdf', 0),
(157397, 0, 1832, '这是测试', '100x100cm', 5, 22, '标清照片书(书籍装)', '', 3, '0.00', 'F:/wamp/www/content.pdf', 0),
(157598, 0, 10010, '这是测试氢气球', '100x100cm', 5, 22, '标清照片书(书籍装)', '', 3, '0.00', 'F:/wamp/www/content.pdf', 5),
(160047, 0, 10010, '速度阿萨德', '24x24cm', 10, 3, '高清照片书(蝴蝶装)', '', 3, '0.00', 'F:/wamp/www/content.pdf', 1),
(167297, 0, 1862, '这是测试', '100x100cm', 5, 22, '标清照片书(书籍装)', '', 3, '0.00', 'F:/wamp/www/content.pdf', 0),
(167317, 0, 1834, '这是测试', '100x100cm', 5, 22, '标清照片书(书籍装)', '', 3, '0.00', 'F:/wamp/www/content.pdf', 0),
(167327, 0, 1836, '这是测试', '100x100cm', 5, 22, '标清照片书(书籍装)', '', 3, '0.00', 'F:/wamp/www/content.pdf', 0),
(167337, 0, 1832, '这是测试', '100x100cm', 5, 22, '标清照片书(书籍装)', '', 3, '0.00', 'F:/wamp/www/content.pdf', 0),
(167347, 0, 1832, '这是测试', '100x100cm', 5, 22, '标清照片书(书籍装)', '', 3, '0.00', 'F:/wamp/www/content.pdf', 0),
(167357, 0, 1835, '这是测试', '100x100cm', 5, 22, '标清照片书(书籍装)', '', 3, '0.00', 'F:/wamp/www/content.pdf', 0),
(167367, 0, 1831, '这是测试', '100x100cm', 5, 22, '标清照片书(书籍装)', '', 3, '0.00', 'F:/wamp/www/content.pdf', 0),
(167377, 0, 1832, '这是测试', '100x100cm', 5, 22, '标清照片书(书籍装)', '', 3, '0.00', 'F:/wamp/www/content.pdf', 0),
(167387, 0, 1862, '这是测试', '100x100cm', 5, 22, '标清照片书(书籍装)', '', 3, '0.00', 'F:/wamp/www/content.pdf', 0),
(167497, 0, 1863, '这是测试', '100x100cm', 5, 22, '标清照片书(书籍装)', '', 3, '0.00', 'F:/wamp/www/content.pdf', 0),
(167597, 0, 1871, '这是测试', '100x100cm', 5, 22, '标清照片书(书籍装)', '', 3, '0.00', 'F:/wamp/www/content.pdf', 0),
(167697, 0, 1872, '这是测试', '100x100cm', 5, 22, '标清照片书(书籍装)', '', 3, '0.00', 'F:/wamp/www/content.pdf', 0),
(167698, 1000, 10022, '速度', '24x24cm', 1, 22, '高清照片书(蝴蝶装)', '', 5, '0.00', 'F:/wamp/www/content.pdf', 1),
(167699, 1000, 10022, '速度', '24x24cm', 1, 22, '高清照片书(蝴蝶装)', '', 5, '0.00', 'F:/wamp/www/content.pdf', 1),
(167700, 1000, 10022, '速度', '24x24cm', 1, 22, '高清照片书(蝴蝶装)', '', 5, '0.00', 'F:/wamp/www/content.pdf', 1),
(167701, 1000, 10022, '速度', '24x24cm', 1, 22, '高清照片书(蝴蝶装)', '', 5, '0.00', 'F:/wamp/www/content.pdf', 1),
(167702, 1000, 10022, '速度', '24x24cm', 1, 22, '高清照片书(蝴蝶装)', '', 5, '0.00', 'F:/wamp/www/content.pdf', 1),
(167703, 1000, 10022, '速度', '24x24cm', 1, 22, '高清照片书(蝴蝶装)', '', 5, '0.00', 'F:/wamp/www/content.pdf', 1);

CREATE TABLE IF NOT EXISTS `order` (
  `order_id` int(11) unsigned NOT NULL COMMENT '订单ID',
  `order_number` varchar(20) NOT NULL COMMENT '订单号',
  `buyer_name` varchar(64) NOT NULL COMMENT '买家名字',
  `buyer_address` varchar(255) NOT NULL COMMENT '买家地址',
  `buyer_tel` varchar(15) DEFAULT NULL COMMENT '买家座机号码',
  `buyer_phone` varchar(15) DEFAULT NULL COMMENT '买家联系手机',
  `buyer_post` varchar(6) DEFAULT NULL COMMENT '买家邮编',
  `is_invoice` tinyint(2) unsigned NOT NULL DEFAULT '0' COMMENT '发票信息。0：不开发票；1：开发票',
  `invoice_content` varchar(255) DEFAULT NULL COMMENT '发票内容',
  `add_time` int(10) unsigned NOT NULL COMMENT '下单时间',
  `status` tinyint(2) unsigned NOT NULL DEFAULT '20' COMMENT '订单状态。20为接单（不打印），21（已经接单没有打印），22（打印完），25（装订完），30（已发货）',
  `express_id` int(10) NOT NULL COMMENT '快递公司ID',
  `express_name` varchar(8) NOT NULL COMMENT '快递名称',
  `express_number` varchar(64) NOT NULL COMMENT '快递单号',
  `buyer_comments` text COMMENT '用户留言',
  `make_remarks` text COMMENT '制作备注',
  `express_price` decimal(10,2) NOT NULL COMMENT '快递运费',
  `total` decimal(10,2) NOT NULL COMMENT '商品的总价',
  `discount` decimal(10,2) NOT NULL COMMENT '优惠价格',
  `final_payment` decimal(10,2) NOT NULL COMMENT '用户实际支付的价格',
  UNIQUE KEY `order_sn` (`order_number`),
  KEY `order_number` (`order_number`),
  KEY `order_number_2` (`order_number`),
  KEY `order_number_3` (`order_number`),
  KEY `order_number_4` (`order_number`),
  KEY `order_number_5` (`order_number`),
  KEY `order_time` (`order_number`,`add_time`),
  KEY `status` (`status`)
) ENGINE=InnoDB DEFAULT CHARSET=utf8;

INSERT INTO `order` (`order_id`, `order_number`, `buyer_name`, `buyer_address`, `buyer_tel`, `buyer_phone`, `buyer_post`, `is_invoice`, `invoice_content`, `add_time`, `status`, `express_id`, `express_name`, `express_number`, `buyer_comments`, `make_remarks`, `express_price`, `total`, `discount`, `final_payment`) VALUES
(10022, '1518926330', '陈德华', '北京市海淀区知春路49号西格玛大厦啊啊啊啊', '13601090370', '', '100000', 2, '发票抬头。腾讯科技（北京）有限公司', 1437615577, 21, 1, '顺丰快递', '', '我不想留言', '阿萨德', '0.00', '0.00', '0.00', '0.00'),
(10020, '1518929972', '陈德华', '北京市海淀区知春路49号西格玛大厦啊啊啊啊', '13601090370', '121212121-21212', '100000', 2, '', 1436257999, 29, 1, '', '123123', '', '阿萨德', '0.00', '0.00', '0.00', '0.00'),
(1760, '1518965065', '陈德华', '北京市海淀区知春路49号西格玛大厦啊啊啊啊', '13601090370', '', '100000', 1, '发票抬头。腾讯科技（北京）有限公司', 1436257539, 29, 1, '顺丰快递', '', '我不想留言', '擦拭打算阿萨德阿萨德撒旦', '0.00', '0.00', '0.00', '0.00'),
(1771, '1519016255', '陈德华', '北京市海淀区知春路49号西格玛大厦啊啊啊啊', '13601090370', '', '100000', 2, '发票抬头。腾讯科技（北京）有限公司', 1437534403, 30, 1, '顺丰快递', '', '我不想留言', '1234567900为', '0.00', '0.00', '0.00', '0.00'),
(10021, '1519082512', '陈德华', '北京市海淀区知春路49号西格玛大厦啊啊啊啊', '121212121-21212', '', '100000', 1, '发票抬头。腾讯科技（北京）有限公司', 1437615585, 25, 2, 'EMS', '', '我不想留言', '1234567921', '0.00', '0.00', '0.00', '0.00'),
(1772, '1519085059', '陈德华', '北京市海淀区知春路49号西格玛大厦啊啊啊啊', '13601090370', '121212121-21212', '100000', 0, '', 1436257999, 29, 1, '', '', '', '1234567899123456789912345678991234567899', '0.00', '0.00', '0.00', '0.00'),
(1778, '1519305297', '陈德华', '北京市海淀区知春路49号西格玛大厦啊啊啊啊', '13601090370', '121212121-21212', '100000', 0, '', 1437120006, 29, 1, '顺丰快递', '123213213', '', '阿萨德阿萨德撒旦', '0.00', '0.00', '0.00', '0.00'),
(1779, '1519321554', '陈德华', '北京市海淀区知春路49号西格玛大厦啊啊啊啊', '13601090370', '', '100000', 1, '发票抬头。腾讯科技（北京）有限公司', 1437359626, 29, 1, '顺丰快递', '123123', '我不想留言', 'asd', '0.00', '0.00', '0.00', '0.00'),
(1792, '1519471373', '陈德华', '北京市海淀区知春路49号西格玛大厦啊啊啊啊', '13601090370', '121212121-21212', '100000', 0, '', 1437359622, 29, 1, '顺丰快递', '123213213', '', '1505861629', '0.00', '0.00', '0.00', '0.00'),
(1806, '1519578168', '陈德华', '北京市海淀区知春路49号西格玛大厦啊啊啊啊', '13601090370', '', '100000', 1, '发票抬头。腾讯科技（北京）有限公司', 1437637086, 29, 1, '顺丰快递', '111111', '我不想留言', '11', '0.00', '0.00', '0.00', '0.00'),
(1833, '1519604611', '陈德华', '北京市海淀区知春路49号西格玛大厦啊啊啊啊', '13601090370', '', '100000', 1, '发票抬头。腾讯科技（北京）有限公司', 1437493996, 29, 1, '顺丰快递', '1234567817', '我不想留言', '1234567817', '0.00', '0.00', '0.00', '0.00'),
(10007, '1519611627', '陈德华', '北京市海淀区知春路49号西格玛大厦啊啊啊啊', '13601090370', '121212121-21212', '100000', 0, '', 1436257999, 29, 1, '', '', '', '擦拭打算阿萨德阿萨德撒旦', '0.00', '0.00', '0.00', '0.00'),
(10004, '1519621749', '陈德华', '北京市海淀区知春路49号西格玛大厦啊啊啊啊', '13601090370', '', '100000', 1, '发票抬头。腾讯科技（北京）有限公司', 1436257539, 29, 1, '顺丰快递', '', '我不想留言', '擦拭打算阿萨德阿萨德撒旦', '0.00', '0.00', '0.00', '0.00'),
(1763, '1519634544', '陈德华', '北京市海淀区知春路49号西格玛大厦啊啊啊啊', '13601090370', '', '100000', 1, '发票抬头。腾讯科技（北京）有限公司', 1437526509, 29, 1, '顺丰快递', '', '我不想留言', '阿萨德阿萨德撒旦擦拭打算阿萨德阿萨德撒旦', '0.00', '0.00', '0.00', '0.00'),
(1832, '1519648034', '陈德华', '北京市海淀区知春路49号西格玛大厦啊啊啊啊', '13601090370', '121212121-21212', '100000', 0, '', 1436257999, 29, 1, '', '', '', '阿萨德撒12312312321阿萨德阿萨德撒旦阿萨德阿萨德撒旦擦拭打算阿萨德阿萨德撒旦擦拭打算阿萨德阿萨德撒旦阿萨德阿萨德撒旦阿萨德阿萨德撒旦擦拭打算阿萨德阿萨德撒旦擦拭打算阿萨德阿萨德撒旦阿萨德阿萨德撒旦阿萨德阿萨德撒旦擦拭打算阿萨德阿萨德撒旦擦拭打算阿萨德阿萨德撒旦阿萨德阿萨德撒旦阿萨德阿萨德撒旦擦拭打算阿萨德阿萨德撒旦擦拭打算阿萨德阿萨德撒旦阿萨德阿萨德撒旦阿萨德阿萨德撒旦擦拭打算阿萨德阿萨德撒旦擦拭打算阿萨德阿萨德撒旦阿萨德阿萨德撒旦阿萨德阿萨德撒旦擦拭打算阿萨德阿萨德撒旦擦拭打算阿萨德阿萨德撒旦阿萨德阿萨德撒旦阿萨德阿萨德撒旦擦拭打算阿萨德阿萨德撒旦擦拭打算阿萨德阿萨德撒旦阿萨德阿萨德撒旦', '0.00', '0.00', '0.00', '0.00'),
(1834, '1519650341', '陈德华', '北京市海淀区知春路49号西格玛大厦啊啊啊啊', '13601090370', '', '100000', 1, '发票抬头。腾讯科技（北京）有限公司', 1436257539, 29, 1, '顺丰快递', '', '我不想留言', '擦拭打算阿萨德阿萨德撒旦', '0.00', '0.00', '0.00', '0.00'),
(1836, '1519650731', '陈德华', '北京市海淀区知春路49号西格玛大厦啊啊啊啊', '13601090370', '', '100000', 1, '发票抬头。腾讯科技（北京）有限公司', 1436257539, 29, 1, '顺丰快递', '', '我不想留言', '阿萨德阿萨德撒旦阿萨德阿萨德撒旦擦拭打算阿萨德阿萨德撒旦擦拭打算阿萨德阿萨德撒旦阿萨德阿萨德撒旦阿萨德阿萨德撒旦擦拭打算阿萨德阿萨德撒旦擦拭打算阿萨德阿萨德撒旦阿萨德阿萨德撒旦阿萨德阿萨德撒旦擦拭打算阿萨德阿萨德撒旦擦拭打算阿萨德阿萨德撒旦阿萨德阿萨德撒旦阿萨德阿萨德撒旦擦拭打算阿萨德阿萨德撒旦擦拭打算阿萨德阿萨德撒旦阿萨德阿萨德撒旦阿萨德阿萨德撒旦擦拭打算阿萨德阿萨德撒旦擦拭打算阿萨德阿萨德撒旦阿萨德阿萨德撒旦阿萨德阿萨德撒旦擦拭打算阿萨德阿萨德撒旦擦拭打算阿萨德阿萨德撒旦阿萨德阿萨德撒旦阿萨德阿萨德撒旦擦拭打算阿萨德阿萨德撒旦擦拭打算阿萨德阿萨德撒旦阿萨德阿萨德撒旦', '0.00', '0.00', '0.00', '0.00'),
(1831, '1519654346', '陈德华', '北京市海淀区知春路49号西格玛大厦啊啊啊啊', '13601090370', '', '100000', 1, '发票抬头。腾讯科技（北京）有限公司', 1437532242, 29, 1, '顺丰快递', '', '我不想留言', '123456781912345678191234567819', '0.00', '0.00', '0.00', '0.00'),
(1835, '1519666130', '陈德华', '北京市海淀区知春路49号西格玛大厦啊啊啊啊', '13601090370', '', '100000', 1, '发票抬头。腾讯科技（北京）有限公司', 1437493992, 29, 1, '顺丰快递', '', '我不想留言', '印刷失败1234567815', '0.00', '0.00', '0.00', '0.00'),
(1862, '1520027834', '陈德华', '北京市海淀区知春路49号西格玛大厦啊啊啊啊', '13601090370', '121212121-21212', '100000', 0, '', 1436257999, 29, 1, '', '', '', '1231', '0.00', '0.00', '0.00', '0.00'),
(1863, '1520045386', '陈德华', '北京市海淀区知春路49号西格玛大厦啊啊啊啊', '13601090370', '', '100000', 1, '发票抬头。腾讯科技（北京）有限公司', 1436257539, 29, 1, '顺丰快递', '', '我不想留言', '阿萨德阿萨德撒旦擦拭打算阿萨德阿萨德撒旦擦拭打算阿萨德阿萨德撒旦阿萨德阿萨德撒旦阿萨德阿萨德撒旦擦拭打算阿萨德阿萨德撒旦擦拭打算阿萨德阿萨德撒旦阿萨德阿萨德撒旦阿萨德阿萨德撒旦擦拭打算阿萨德阿萨德撒旦擦拭打算阿萨德阿萨德撒旦阿萨德阿萨德撒旦', '0.00', '0.00', '0.00', '0.00'),
(1871, '1520213033', '陈德华', '北京市海淀区知春路49号西格玛大厦啊啊啊啊', '13601090370', '', '100000', 1, '发票抬头。腾讯科技（北京）有限公司', 1436257539, 29, 1, '顺丰快递', '', '我不想留言', '擦拭打算阿萨德阿萨德撒旦', '0.00', '0.00', '0.00', '0.00'),
(1872, '1520215623', '陈德华', '北京市海淀区知春路49号西格玛大厦啊啊啊啊', '13601090370', '121212121-21212', '100000', 0, '', 1436980747, 29, 1, '', '', '', 'qewqwe1234567819asdasd', '0.00', '0.00', '0.00', '0.00');

CREATE TABLE IF NOT EXISTS `status` (
  `id` int(5) unsigned NOT NULL AUTO_INCREMENT,
  `statue_id` int(5) unsigned NOT NULL COMMENT '状态id',
  `status_name` varchar(64) NOT NULL COMMENT '状态名称',
  PRIMARY KEY (`id`)
) ENGINE=InnoDB  DEFAULT CHARSET=utf8 AUTO_INCREMENT=12 ;

INSERT INTO `status` (`id`, `statue_id`, `status_name`) VALUES
(1, 1, '下载中'),
(2, 2, '下载成功'),
(3, 3, '下载失败'),
(4, 4, '印刷中'),
(5, 5, '未印刷'),
(6, 6, '制作中'),
(7, 7, '未制作'),
(8, 8, '未出'),
(9, 9, '已出'),
(10, 10, '正在制作'),
(11, 11, '已发送');

CREATE TABLE IF NOT EXISTS `status_log` (
  `id` int(10) unsigned NOT NULL AUTO_INCREMENT,
  `order_number` varchar(20) DEFAULT NULL COMMENT '订单号',
  `goods_id` int(10) DEFAULT '0' COMMENT '商品ID',
  `pre_status` varchar(10) NOT NULL COMMENT '更改前状态',
  `status` varchar(10) NOT NULL COMMENT '更改后状态',
  `change_time` int(10) unsigned NOT NULL COMMENT '更改时间',
  PRIMARY KEY (`id`),
  KEY `order_number` (`order_number`),
  KEY `goods_id` (`goods_id`)
) ENGINE=InnoDB  DEFAULT CHARSET=utf8 AUTO_INCREMENT=554 ;

INSERT INTO `status_log` (`id`, `order_number`, `goods_id`, `pre_status`, `status`, `change_time`) VALUES
(1, '1234567891', NULL, '25', '29', 1436883768),
(2, '1234567893', NULL, '25', '22', 1436883874),
(3, '1234567819', NULL, '25', '29', 1436941275),
(4, '1505803143', 0, '25', '22', 1436980032),
(5, '1234567819', NULL, '25', '29', 1436980063),
(6, '1234567819', NULL, '25', '29', 1436980369),
(7, '1234567819', NULL, '25', '29', 1436980396),
(8, '1234567819', NULL, '25', '29', 1436980465),
(9, '1505861629', NULL, '25', '29', 1436980467),
(10, '1505861629', NULL, '25', '29', 1436980469),
(11, '1234567819', NULL, '25', '29', 1436980550),
(12, '1505861629', NULL, '25', '29', 1436980552),
(13, '1505861629', NULL, '25', '29', 1436980554),
(14, '1234567819', NULL, '25', '29', 1436980638),
(15, '1234567819', NULL, '25', '29', 1436980670),
(16, '1234567819', NULL, '29', '25', 1436980674),
(17, '1500591225', NULL, '25', '29', 1436980693),
(18, '1505861629', NULL, '25', '29', 1436980697),
(19, '1505861629', NULL, '25', '29', 1436980703),
(20, '1234567819', NULL, '25', '29', 1436980711),
(21, '1234567819', NULL, '29', '25', 1436980714),
(22, '1505861629', NULL, '29', '25', 1436980719),
(23, '1505861629', NULL, '29', '25', 1436980722),
(24, '1500591225', NULL, '29', '25', 1436980727),
(25, '1234567819', NULL, '25', '29', 1436980735),
(26, '1505861629', NULL, '25', '29', 1436980747),
(27, '1505861629', NULL, '25', '29', 1436980822),
(28, '1500591225', NULL, '25', '29', 1436980829),
(29, '1234567819', NULL, '29', '25', 1436980895),
(30, '1234567819', 0, '25', '22', 1436980904),
(31, '1505803143', NULL, '29', '30', 1437010393),
(32, '1506016423', NULL, '29', '30', 1437010393),
(33, '1506076307', NULL, '29', '30', 1437010393),
(34, '1511611105', NULL, '29', '30', 1437010393),
(35, '1', 0, '29', '25', 1437010812),
(36, '1505803143', 0, '29', '30', 1437011676),
(37, '1506016423', 0, '29', '30', 1437011676),
(38, '1506076307', 0, '29', '30', 1437011676),
(39, '1511611105', 0, '29', '30', 1437011677),
(40, '1505803143', 0, '29', '30', 1437011887),
(41, '1506016423', 0, '29', '30', 1437011887),
(42, '1506076307', 0, '29', '30', 1437011887),
(43, '1511611105', 0, '29', '30', 1437011887),
(44, '1505803143', 0, '29', '30', 1437011936),
(45, '1506016423', 0, '29', '30', 1437011936),
(46, '1506076307', 0, '29', '30', 1437011936),
(47, '1511611105', 0, '29', '30', 1437011936),
(48, '1511611105', 0, '29', '30', 1437017463),
(49, '1506076307', 0, '29', '30', 1437017768),
(50, '1506016423', 0, '29', '30', 1437017768),
(51, '1505803143', 0, '29', '30', 1437017768),
(52, '1506016423', 0, '29', '30', 1437017960),
(53, '1505803143', 0, '29', '30', 1437017960),
(54, '1519305297', 0, '29', '30', 1437022754),
(55, '1519321554', 0, '29', '30', 1437022799),
(56, '1519471373', 0, '29', '30', 1437022799),
(57, '1519578168', 0, '29', '30', 1437022799),
(58, '1519578168', 0, '29', '25', 1437033456),
(59, '1519471373', 0, '29', '25', 1437033828),
(60, '1519321554', 0, '29', '25', 1437033829),
(61, '1519305297', 0, '29', '25', 1437033831),
(62, '1', 0, '25', '22', 1437033898),
(63, '1519578168', NULL, '25', '29', 1437033900),
(64, '1519578168', 0, '29', '30', 1437033909),
(65, '1519471373', NULL, '25', '29', 1437033920),
(66, '1519321554', NULL, '25', '29', 1437033926),
(67, '1234567922', 0, '22', '20', 1437034354),
(68, '1234567922', 0, '8', '3', 1437034354),
(69, '1234567920', 0, '22', '20', 1437034361),
(70, '1234567920', 0, '8', '3', 1437034361),
(71, '1234567922', 0, '20', '22', 1437034374),
(72, '1234567922', 0, '3', '4', 1437034374),
(73, '1234567818', 0, '20', '22', 1437034377),
(74, '1234567818', 0, '3', '4', 1437034377),
(75, '1234567920', 0, '20', '22', 1437034387),
(76, '1234567920', 0, '3', '4', 1437034387),
(77, '1234567812', 0, '20', '22', 1437034390),
(78, '1234567812', 0, '3', '4', 1437034390),
(79, '1234567894', 0, '22', '20', 1437034418),
(80, '1234567894', 0, '5', '3', 1437034418),
(81, '1', 0, '22', '20', 1437034441),
(82, '1', 0, '5', '3', 1437034441),
(83, '1', 0, '5', '3', 1437034441),
(84, '1519305297', NULL, '25', '29', 1437034513),
(85, '1519471373', 0, '29', '25', 1437034517),
(86, '1519305297', 0, '29', '25', 1437114675),
(87, '1519321554', 0, '29', '30', 1437115357),
(88, '1234567921', 0, '20', '22', 1437115847),
(89, '1234567921', 0, '3', '4', 1437115847),
(90, '1234567900', 0, '20', '22', 1437116120),
(91, '1234567900', 0, '3', '4', 1437116120),
(92, '1519471373', NULL, '25', '29', 1437119571),
(93, '1519305297', NULL, '25', '29', 1437120006),
(94, '1519471373', 0, '29', '25', 1437120042),
(95, '1519471373', NULL, '25', '29', 1437120045),
(96, '1519471373', 0, '29', '25', 1437120145),
(97, '1519471373', NULL, '25', '29', 1437120158),
(98, '1519471373', 0, '29', '30', 1437120247),
(99, '1519305297', 0, '29', '30', 1437120247),
(100, '1234567819', 0, '5', '6', 1437120272),
(101, '1234567819', 0, '22', '25', 1437120274),
(102, '1234567819', 0, '6', '7', 1437120274),
(103, '1234567819', NULL, '25', '29', 1437120288),
(104, '1234567819', 0, '29', '25', 1437120726),
(105, '1234567819', NULL, '25', '29', 1437120987),
(106, '1234567897', 0, '20', '22', 1437295194),
(107, '1234567897', 0, '3', '4', 1437295194),
(108, '1234567817', 0, '20', '21', 1437295478),
(109, '1234567817', 0, '3', '4', 1437295484),
(110, '1234567819', 0, '29', '25', 1437295523),
(111, '1234567819', NULL, '25', '29', 1437295531),
(112, '1519305297', 0, '29', '30', 1437352042),
(113, '1519321554', 0, '29', '25', 1437352048),
(114, '1519578168', 0, '29', '25', 1437352051),
(115, '1519471373', 0, '29', '25', 1437358891),
(116, '1234567819', 0, '29', '25', 1437358893),
(117, '1234567819', NULL, '25', '29', 1437358978),
(118, '1519578168', NULL, '25', '29', 1437359590),
(119, '1519471373', NULL, '25', '29', 1437359622),
(120, '1519321554', NULL, '25', '29', 1437359626),
(121, '1519471373', 0, '29', '30', 1437359656),
(122, '1519321554', 0, '29', '30', 1437359656),
(123, '1519578168', 0, '29', '30', 1437359670),
(124, '1519578168', 0, '29', '30', 1437439700),
(125, '1519471373', 0, '29', '30', 1437439700),
(126, '1519321554', 0, '29', '30', 1437439700),
(127, '1519305297', 0, '29', '30', 1437439700),
(128, '1234567815', 0, '20', '21', 1437440340),
(129, '1234567898', 0, '20', '21', 1437440343),
(130, '1234567897', 0, '5', '6', 1437440787),
(131, '1234567810', 0, '20', '21', 1437459808),
(132, '1234567898', 0, '3', '4', 1437459938),
(133, '1234567898', 0, '4', '5', 1437459939),
(134, '1234567898', 0, '3', '4', 1437460713),
(135, '1234567898', 0, '4', '5', 1437460714),
(136, '1234567898', 0, '21', '20', 1437460720),
(137, '1234567898', 0, '5', '3', 1437460720),
(138, '1234567819', 0, '29', '25', 1437461263),
(139, '1234567900', 0, '22', '20', 1437461283),
(140, '1234567900', 0, '4', '3', 1437461283),
(141, '1234567900', 0, '4', '3', 1437461283),
(142, '1234567900', 0, '4', '3', 1437461283),
(143, '1234567901', 0, '20', '21', 1437489577),
(144, '1234567898', 0, '20', '21', 1437489582),
(145, '1234567899', 0, '20', '21', 1437489855),
(146, NULL, 0, '4', '5', 1437489953),
(147, NULL, 0, '5', '5', 1437489955),
(148, NULL, 0, '5', '5', 1437489957),
(149, NULL, 0, '3', '4', 1437490024),
(150, NULL, 0, '4', '5', 1437490038),
(151, NULL, 0, '3', '4', 1437490042),
(152, NULL, 0, '4', '5', 1437490048),
(153, '1234567898', 0, '3', '4', 1437490072),
(154, '1234567898', 0, '4', '5', 1437490073),
(155, NULL, 0, '3', '4', 1437490199),
(156, NULL, 0, '4', '4', 1437490201),
(157, NULL, 0, '4', '4', 1437490201),
(158, NULL, 0, '4', '5', 1437490236),
(159, NULL, 0, '5', '5', 1437490236),
(160, NULL, 0, '3', '4', 1437490244),
(161, NULL, 0, '4', '5', 1437490347),
(162, '1234567817', 0, '21', '20', 1437490498),
(163, '1234567817', 0, '5', '3', 1437490498),
(164, '1234567815', 0, '21', '20', 1437490509),
(165, '1234567815', 0, '5', '3', 1437490509),
(166, '1234567815', 0, '20', '21', 1437490514),
(167, NULL, 0, '3', '4', 1437490518),
(168, NULL, 0, '4', '4', 1437490530),
(169, NULL, 0, '4', '5', 1437490569),
(170, '1234567815', 0, '21', '20', 1437490575),
(171, '1234567815', 0, '5', '3', 1437490575),
(172, '1234567817', 0, '20', '21', 1437490578),
(173, '1234567817', 0, '3', '4', 1437490661),
(174, '1234567817', 0, '4', '5', 1437490663),
(175, '1234567817', 0, '21', '20', 1437490688),
(176, '1234567817', 0, '5', '3', 1437490688),
(177, '1234567810', 0, '21', '20', 1437490693),
(178, '1234567810', 0, '5', '3', 1437490693),
(179, '1234567817', 0, '20', '21', 1437490696),
(180, '1234567815', 0, '20', '21', 1437490698),
(181, '1234567817', 0, '3', '4', 1437490699),
(182, '1234567817', 0, '4', '5', 1437490700),
(183, '1234567817', 0, '21', '22', 1437490703),
(184, '1234567815', 0, '3', '4', 1437490711),
(185, '1234567815', 0, '4', '5', 1437490712),
(186, '1234567815', 0, '21', '20', 1437490745),
(187, '1234567815', 0, '5', '3', 1437490745),
(188, '1234567815', 0, '20', '21', 1437490750),
(189, '1234567815', 0, '3', '4', 1437490754),
(190, '1234567815', 0, '4', '5', 1437490754),
(191, '1234567815', 0, '21', '22', 1437490757),
(192, '1234567900', 0, '21', '20', 1437490763),
(193, '1234567900', 0, '5', '3', 1437490763),
(194, '1234567900', 0, '20', '21', 1437490776),
(195, '1234567900', 0, '3', '4', 1437490779),
(196, '1234567900', 0, '4', '5', 1437490780),
(197, '1234567900', 0, '5', '4', 1437490781),
(198, '1234567900', 0, '4', '5', 1437490781),
(199, '1234567900', 0, '21', '20', 1437490783),
(200, '1234567900', 0, '5', '3', 1437490783),
(201, '1234567900', 0, '20', '21', 1437490815),
(202, '1234567900', 0, '3', '4', 1437490861),
(203, '1234567900', 0, '4', '5', 1437490861),
(204, '1234567900', 0, '5', '4', 1437490862),
(205, '1234567900', 0, '4', '5', 1437490862),
(206, '1234567900', 0, '21', '20', 1437490926),
(207, '1234567900', 0, '5', '3', 1437490926),
(208, '1234567900', 0, '20', '21', 1437490939),
(209, '1234567900', 0, '3', '4', 1437490942),
(210, '1234567900', 0, '4', '5', 1437491035),
(211, '1234567900', 0, '21', '20', 1437491039),
(212, '1234567900', 0, '5', '3', 1437491039),
(213, '1234567900', 0, '20', '21', 1437491043),
(214, '1234567900', 0, '21', '20', 1437491056),
(215, '1234567900', 0, '3', '3', 1437491056),
(216, '1234567900', 0, '5', '3', 1437491056),
(217, '1234567900', 0, '5', '3', 1437491056),
(218, '1234567900', 0, '20', '21', 1437491073),
(219, '1234567900', 0, '3', '4', 1437491075),
(220, '1234567900', 0, '3', '4', 1437491076),
(221, '1234567900', 0, '4', '5', 1437491076),
(222, '1234567900', 0, '4', '5', 1437491077),
(223, '1234567900', 0, '21', '20', 1437491080),
(224, '1234567900', 0, '5', '3', 1437491080),
(225, '1234567900', 0, '3', '3', 1437491080),
(226, '1234567900', 0, '20', '21', 1437491084),
(227, '1234567900', 0, '3', '4', 1437491087),
(228, '1234567900', 0, '4', '5', 1437491088),
(229, '1234567900', 0, '3', '4', 1437491088),
(230, '1234567900', 0, '4', '5', 1437491089),
(231, '1234567900', 0, '21', '22', 1437491093),
(232, NULL, 0, '5', '6', 1437491213),
(233, '1234567900', 0, '5', '6', 1437491282),
(234, '1234567900', 0, '5', '6', 1437491283),
(235, '1234567900', 0, '22', '20', 1437491338),
(236, '1234567900', 0, '6', '3', 1437491338),
(237, '1234567900', 0, '21', '22', 1437491358),
(238, '1234567900', 0, '5', '6', 1437491365),
(239, '1234567900', 0, '22', '25', 1437491376),
(240, '1234567900', 0, '6', '7', 1437491376),
(241, '1234567900', 0, '6', '7', 1437491376),
(242, '1234567900', 0, '6', '7', 1437491376),
(243, '1234567819', 0, '25', '22', 1437491598),
(244, '1234567819', 0, '5', '6', 1437491609),
(245, '1234567819', 0, '22', '25', 1437491616),
(246, '1234567819', 0, '6', '7', 1437491616),
(247, '1234567819', NULL, '25', '29', 1437491645),
(248, '1234567819', 0, '29', '25', 1437492231),
(249, '1234567819', NULL, '25', '29', 1437492238),
(250, '1234567819', 0, '29', '25', 1437492246),
(251, '1519305297', 0, '29', '30', 1437492338),
(252, '1519578168', 0, '29', '30', 1437492376),
(253, '1519471373', 0, '29', '30', 1437492376),
(254, '1519321554', 0, '29', '30', 1437492376),
(255, '1519305297', 0, '29', '30', 1437492396),
(256, '1519321554', 0, '29', '30', 1437492396),
(257, '1519471373', 0, '29', '30', 1437492396),
(258, '1519578168', 0, '29', '30', 1437492396),
(259, '1234567819', 0, '25', '22', 1437492412),
(260, '1234567898', 0, '21', '22', 1437492422),
(261, '1234567898', 0, '5', '6', 1437492428),
(262, '1234567898', 0, '5', '6', 1437492429),
(263, '1234567898', 0, '22', '25', 1437492431),
(264, '1234567898', 0, '6', '7', 1437492431),
(265, '1234567898', 0, '6', '7', 1437492431),
(266, '1234567897', 0, '22', '20', 1437492582),
(267, '1234567897', 0, '4', '3', 1437492582),
(268, '1234567897', 0, '6', '3', 1437492582),
(269, '1234567900', 0, '25', '22', 1437492651),
(270, '1234567900', 0, '5', '6', 1437492655),
(271, '1234567900', 0, '5', '6', 1437492656),
(272, '1234567900', 0, '5', '6', 1437492656),
(273, '1234567900', 0, '22', '25', 1437492659),
(274, '1234567900', 0, '6', '7', 1437492659),
(275, '1234567900', 0, '6', '7', 1437492659),
(276, '1234567900', 0, '6', '7', 1437492659),
(277, '1234567900', 0, '25', '22', 1437493757),
(278, '1234567922', 0, '22', '20', 1437493769),
(279, '1234567922', 0, '4', '3', 1437493769),
(280, '1234567921', 0, '22', '20', 1437493771),
(281, '1234567921', 0, '4', '3', 1437493771),
(282, '1234567920', 0, '22', '20', 1437493773),
(283, '1234567920', 0, '4', '3', 1437493773),
(284, '1234567819', 0, '5', '6', 1437493774),
(285, '1234567819', 0, '22', '25', 1437493776),
(286, '1234567819', 0, '6', '7', 1437493776),
(287, '1234567818', 0, '22', '20', 1437493778),
(288, '1234567818', 0, '4', '3', 1437493778),
(289, '1234567817', 0, '5', '6', 1437493779),
(290, '1234567817', 0, '22', '25', 1437493782),
(291, '1234567817', 0, '6', '7', 1437493782),
(292, '1234567815', 0, '5', '6', 1437493783),
(293, '1234567815', 0, '22', '25', 1437493785),
(294, '1234567815', 0, '6', '7', 1437493785),
(295, '1234567816', 0, '22', '20', 1437493787),
(296, '1234567816', 0, '4', '3', 1437493787),
(297, '1234567812', 0, '22', '20', 1437493789),
(298, '1234567812', 0, '4', '3', 1437493789),
(299, '1234567809', 0, '22', '20', 1437493792),
(300, '1234567809', 0, '4', '3', 1437493792),
(301, '1234567810', 0, '20', '21', 1437493902),
(302, '1234567894', 0, '20', '21', 1437493903),
(303, '1', 0, '20', '21', 1437493905),
(304, '1234567922', 0, '21', '22', 1437493913),
(305, '1234567921', 0, '21', '22', 1437493915),
(306, '1234567920', 0, '21', '22', 1437493916),
(307, '1234567818', 0, '21', '22', 1437493917),
(308, '1234567816', 0, '21', '22', 1437493919),
(309, '1234567810', 0, '3', '4', 1437493920),
(310, '1234567810', 0, '4', '5', 1437493920),
(311, '1234567810', 0, '21', '22', 1437493922),
(312, '1234567812', 0, '21', '22', 1437493923),
(313, '1234567809', 0, '21', '22', 1437493925),
(314, '1234567901', 0, '21', '22', 1437493926),
(315, '1234567899', 0, '21', '22', 1437493928),
(316, '1234567922', 0, '5', '6', 1437493947),
(317, '1234567922', 0, '22', '25', 1437493950),
(318, '1234567922', 0, '6', '7', 1437493950),
(319, '1234567921', 0, '22', '20', 1437493962),
(320, '1234567921', 0, '5', '3', 1437493962),
(321, '1234567920', 0, '22', '20', 1437493964),
(322, '1234567920', 0, '5', '3', 1437493964),
(323, '1234567818', 0, '22', '20', 1437493966),
(324, '1234567818', 0, '5', '3', 1437493966),
(325, '1234567816', 0, '22', '20', 1437493967),
(326, '1234567816', 0, '5', '3', 1437493967),
(327, '1234567810', 0, '22', '20', 1437493969),
(328, '1234567810', 0, '5', '3', 1437493969),
(329, '1234567812', 0, '22', '20', 1437493971),
(330, '1234567812', 0, '5', '3', 1437493971),
(331, '1234567809', 0, '22', '20', 1437493973),
(332, '1234567809', 0, '5', '3', 1437493973),
(333, '1234567901', 0, '22', '20', 1437493975),
(334, '1234567901', 0, '5', '3', 1437493975),
(335, '1234567900', 0, '5', '6', 1437493975),
(336, '1234567900', 0, '5', '6', 1437493976),
(337, '1234567900', 0, '5', '6', 1437493976),
(338, '1234567900', 0, '22', '25', 1437493978),
(339, '1234567900', 0, '6', '7', 1437493978),
(340, '1234567900', 0, '6', '7', 1437493978),
(341, '1234567900', 0, '6', '7', 1437493978),
(342, '1234567815', NULL, '25', '29', 1437493992),
(343, '1234567817', NULL, '25', '29', 1437493997),
(344, '1234567819', NULL, '25', '29', 1437493999),
(345, '1234567922', NULL, '25', '29', 1437494002),
(346, '1234567922', 0, '29', '25', 1437494010),
(347, '1234567922', NULL, '25', '29', 1437494016),
(348, '1234567900', 0, '25', '22', 1437495382),
(349, '1234567900', 0, '5', '6', 1437495409),
(350, '1234567900', 0, '5', '6', 1437495504),
(351, '1519578168', 0, '29', '30', 1437525651),
(352, '1519471373', 0, '29', '30', 1437525652),
(353, '1519321554', 0, '29', '30', 1437525652),
(354, '1519305297', 0, '29', '30', 1437525652),
(355, '1519578168', 0, '29', '25', 1437525712),
(356, '1519578168', 0, '25', '22', 1437525725),
(357, '1519578168', 0, '5', '6', 1437525868),
(358, '1519578168', 0, '22', '20', 1437525883),
(359, '1519578168', 0, '6', '3', 1437525883),
(360, '1519578168', 0, '21', '22', 1437525903),
(361, '1234567900', 0, '22', '20', 1437525964),
(362, '1234567900', 0, '7', '3', 1437525964),
(363, '1234567900', 0, '6', '3', 1437525964),
(364, '1234567900', 0, '6', '3', 1437525964),
(365, '1234567900', 0, '21', '22', 1437525991),
(366, '1234567900', 0, '5', '6', 1437526029),
(367, '1234567900', 0, '5', '6', 1437526034),
(368, '1234567900', 0, '5', '6', 1437526037),
(369, '1234567900', 0, '22', '25', 1437526043),
(370, '1234567900', 0, '6', '7', 1437526043),
(371, '1234567900', 0, '6', '7', 1437526043),
(372, '1234567900', 0, '6', '7', 1437526043),
(373, '1234567900', 157598, '25', '22', 1437526071),
(374, '1234567900', 157447, '25', '22', 1437526071),
(375, '1234567900', 127397, '25', '22', 1437526071),
(376, '1234567900', 0, '5', '6', 1437526081),
(377, '1234567900', 0, '5', '6', 1437526081),
(378, '1234567900', 0, '5', '6', 1437526082),
(379, '1234567900', 0, '22', '25', 1437526087),
(380, '1234567900', 0, '6', '7', 1437526087),
(381, '1234567900', 0, '6', '7', 1437526087),
(382, '1234567900', 0, '6', '7', 1437526087),
(383, '1234567900', 0, '25', '22', 1437526153),
(384, '1234567900', 157598, '25', '22', 1437526153),
(385, '1234567900', 157447, '25', '22', 1437526153),
(386, '1234567900', 127397, '25', '22', 1437526153),
(387, '1234567900', 0, '5', '6', 1437526159),
(388, '1234567900', 0, '5', '6', 1437526159),
(389, '1234567900', 0, '5', '6', 1437526160),
(390, '1234567900', 0, '22', '25', 1437526161),
(391, '1234567900', 0, '6', '7', 1437526161),
(392, '1234567900', 0, '6', '7', 1437526161),
(393, '1234567900', 0, '6', '7', 1437526161),
(394, '1234567900', 0, '25', '29', 1437526448),
(395, '1234567898', 0, '25', '29', 1437526509),
(396, '1234567898', 157298, '7', '8', 1437526509),
(397, '1234567898', 127298, '7', '8', 1437526509),
(398, '1234567922', 0, '29', '25', 1437526526),
(399, '1234567819', 0, '29', '25', 1437526584),
(400, '1234567819', 156297, '8', '7', 1437526584),
(401, '1234567898', 0, '29', '25', 1437526595),
(402, '1234567898', 157298, '8', '7', 1437526595),
(403, '1234567898', 127298, '8', '7', 1437526595),
(404, '1234567922', 0, '25', '29', 1437527309),
(405, '1234567922', 156447, '7', '8', 1437527309),
(406, '1234567922', 0, '29', '25', 1437527313),
(407, '1234567922', 156447, '8', '7', 1437527313),
(408, '1234567922', 0, '25', '22', 1437527316),
(409, '1234567922', 156447, '7', '6', 1437527316),
(410, '1234567898', 0, '25', '22', 1437529170),
(411, '1234567898', 127298, '7', '6', 1437529170),
(412, '1234567819', 0, '25', '29', 1437532242),
(413, '1234567819', 156297, '7', '8', 1437532242),
(414, '1234567819', 0, '29', '25', 1437532246),
(415, '1234567819', 156297, '8', '7', 1437532246),
(416, '1234567900', 0, '29', '25', 1437532542),
(417, '1234567900', 157598, '8', '7', 1437532542),
(418, '1234567900', 157447, '8', '7', 1437532542),
(419, '1234567900', 127397, '8', '7', 1437532542),
(420, '1234567900', 0, '25', '29', 1437534403),
(421, '1234567900', 157598, '7', '8', 1437534403),
(422, '1234567900', 157447, '7', '8', 1437534403),
(423, '1234567900', 127397, '7', '8', 1437534403),
(424, '1234567900', 0, '29', '25', 1437534962),
(425, '1234567900', 157598, '8', '7', 1437534962),
(426, '1234567900', 157447, '8', '7', 1437534962),
(427, '1234567900', 127397, '8', '7', 1437534962),
(428, '1519471373', 0, '29', '30', 1437536117),
(429, '1519305297', 0, '29', '30', 1437536117),
(430, '1519321554', 0, '29', '30', 1437536120),
(431, '1234567921', 0, '20', '21', 1437547592),
(432, '1234567815', 0, '29', '25', 1437548460),
(433, '1234567815', 156237, '8', '7', 1437548460),
(434, '1234567815', 0, '25', '22', 1437548470),
(435, '1234567815', 156237, '7', '5', 1437548470),
(436, '1234567922', 0, '22', '20', 1437548477),
(437, '1234567922', 156447, '5', '3', 1437548477),
(438, '1518929972', 0, '29', '30', 1437550549),
(439, '1519305297', 0, '29', '30', 1437550549),
(440, '1518926330', 0, '20', '21', 1437615363),
(441, '1519082512', 0, '20', '21', 1437615502),
(442, '1519082512', 0, '21', '20', 1437615509),
(443, '1519082512', 127397, '3', '3', 1437615509),
(444, '1519082512', 0, '20', '21', 1437615513),
(445, '1518926330', 0, '21', '20', 1437615517),
(446, '1518926330', 126146, '3', '3', 1437615517),
(447, '1518926330', 127216, '3', '3', 1437615517),
(448, '1519082512', 127397, '3', '4', 1437615521),
(449, '1519082512', 127397, '4', '5', 1437615522),
(450, '1519082512', 0, '21', '22', 1437615523),
(451, '1519082512', 127397, '5', '6', 1437615527),
(452, '1519082512', 0, '22', '25', 1437615529),
(453, '1519082512', 127397, '6', '7', 1437615529),
(454, '1519082512', 0, '25', '22', 1437615541),
(455, '1519082512', 127397, '7', '5', 1437615541),
(456, '1518926330', 0, '20', '21', 1437615544),
(457, '1518926330', 126146, '3', '4', 1437615546),
(458, '1518926330', 127216, '3', '4', 1437615547),
(459, '1518926330', 126146, '4', '5', 1437615548),
(460, '1518926330', 127216, '4', '5', 1437615548),
(461, '1518926330', 0, '21', '22', 1437615550),
(462, '1519082512', 127397, '5', '6', 1437615554),
(463, '1518926330', 126146, '5', '6', 1437615556),
(464, '1518926330', 127216, '5', '6', 1437615556),
(465, '1518926330', 0, '22', '25', 1437615560),
(466, '1518926330', 126146, '6', '7', 1437615560),
(467, '1518926330', 127216, '6', '7', 1437615560),
(468, '1519082512', 0, '22', '25', 1437615564),
(469, '1519082512', 127397, '6', '7', 1437615564),
(470, '1518926330', 0, '25', '29', 1437615577),
(471, '1518926330', 127216, '7', '8', 1437615577),
(472, '1518926330', 126146, '7', '8', 1437615577),
(473, '1519082512', 0, '25', '29', 1437615585),
(474, '1519082512', 127397, '7', '8', 1437615585),
(475, '1518926330', 0, '29', '25', 1437615588),
(476, '1518926330', 127216, '8', '7', 1437615588),
(477, '1518926330', 126146, '8', '7', 1437615588),
(478, '1518929972', 0, '20', '21', 1437623029),
(479, '1518929972', 127227, '3', '4', 1437623031),
(480, '1518929972', 127237, '3', '4', 1437623031),
(481, '1518929972', 127246, '3', '4', 1437623032),
(482, '1518929972', 127247, '3', '4', 1437623032),
(483, '1518929972', 127248, '3', '4', 1437623033),
(484, '1518929972', 127247, '4', '5', 1437623034),
(485, '1518929972', 127248, '4', '5', 1437623035),
(486, '1518929972', 127246, '4', '5', 1437623035),
(487, '1518929972', 127237, '4', '5', 1437623036),
(488, '1518929972', 127227, '4', '5', 1437623036),
(489, '1518929972', 0, '21', '22', 1437623038),
(490, '1518929972', 127227, '5', '6', 1437623040),
(491, '1519578168', 0, '20', '21', 1437623393),
(492, '1519578168', 156447, '3', '4', 1437623396),
(493, '1519578168', 156598, '3', '4', 1437623396),
(494, '1519578168', 156397, '3', '4', 1437623397),
(495, '1519578168', 156598, '4', '5', 1437623397),
(496, '1519578168', 156447, '4', '5', 1437623398),
(497, '1519578168', 156397, '4', '5', 1437623398),
(498, '1519578168', 0, '21', '22', 1437623400),
(499, '1519578168', 156447, '5', '6', 1437623403),
(500, '1519578168', 156598, '5', '6', 1437623404),
(501, '1519578168', 156397, '5', '6', 1437623404),
(502, '1519578168', 0, '22', '25', 1437623405),
(503, '1519578168', 156447, '6', '7', 1437623405),
(504, '1519578168', 156598, '6', '7', 1437623405),
(505, '1519578168', 156397, '6', '7', 1437623405),
(506, '1519578168', 0, '25', '22', 1437633383),
(507, '1519578168', 156598, '7', '5', 1437633383),
(508, '1519578168', 0, '25', '29', 1437637086),
(509, '1519578168', 156598, '7', '8', 1437637086),
(510, '1519578168', 156447, '7', '8', 1437637086),
(511, '1519578168', 156397, '7', '8', 1437637086),
(512, '1519082512', 0, '29', '25', 1437652948),
(513, '1519082512', 127397, '8', '7', 1437652948),
(514, '1519016255', 0, '29', '30', 1437913139),
(515, '1518926330', 0, '29', '25', 1437977198),
(516, '1518926330', 127216, '8', '7', 1437977198),
(517, '1518926330', 126146, '8', '7', 1437977198),
(518, '1518926330', 0, '25', '22', 1437977204),
(519, '1518926330', 127216, '7', '5', 1437977204),
(520, '1518926330', 126146, '7', '5', 1437977204),
(521, '1518926330', 0, '22', '20', 1437977208),
(522, '1518926330', 126146, '5', '3', 1437977208),
(523, '1518926330', 127216, '5', '3', 1437977208),
(524, '1518926330', 0, '21', '20', 1437977212),
(525, '1518926330', 126146, '3', '3', 1437977212),
(526, '1518926330', 127216, '3', '3', 1437977212),
(527, '1519082512', 0, '29', '25', 1437987171),
(528, '1519082512', 127397, '8', '7', 1437987171),
(529, '1518926330', 0, '20', '21', 1438054129),
(530, '1518926330', 126146, '3', '3', 1438054129),
(531, '1518926330', 127216, '3', '3', 1438054129),
(532, '1518926330', 167698, '3', '3', 1438054129),
(533, '1518926330', 167699, '3', '3', 1438054129),
(534, '1518926330', 167700, '3', '3', 1438054129),
(535, '1518926330', 167701, '3', '3', 1438054129),
(536, '1518926330', 167702, '3', '3', 1438054129),
(537, '1518926330', 167703, '3', '3', 1438054129),
(538, '1518926330', 126146, '3', '4', 1438054133),
(539, '1518926330', 126146, '4', '5', 1438054134),
(540, '1518926330', 127216, '3', '4', 1438054134),
(541, '1518926330', 127216, '4', '5', 1438054135),
(542, '1518926330', 167698, '3', '4', 1438054135),
(543, '1518926330', 167698, '4', '5', 1438054136),
(544, '1518926330', 167699, '3', '4', 1438054137),
(545, '1518926330', 167699, '4', '5', 1438054137),
(546, '1518926330', 167700, '3', '4', 1438054137),
(547, '1518926330', 167700, '4', '5', 1438054138),
(548, '1518926330', 167701, '3', '4', 1438054139),
(549, '1518926330', 167701, '4', '5', 1438054139),
(550, '1518926330', 167702, '3', '4', 1438054141),
(551, '1518926330', 167702, '4', '5', 1438054141),
(552, '1518926330', 167703, '3', '4', 1438054143),
(553, '1518926330', 167703, '4', '5', 1438054143);