﻿<?xml version="1.0" encoding="windows-1252"?>
<!-- File created by XML_Editor.ocx (RTF-XML editor-parser) v2.8 (xml) -->
<scrollbox>
   <par align="l" li="0" ri="0" iln="0">
      <text fn="Arial" fh="15" fc="16777215" fa="1" charset="238">Antimony is a metalloid, exhibiting intermediate properties between metals and non-metals. It occurs in two allotropic forms: mostly in the metallic form, silvery-grey in colour. The other form is amorphous and black in colour. Antimony compounds have been known since ancient times. In the 16th century it was identified as an element by alchemists. The English name is derived from the Greek words </text>
      <text fn="Arial" fh="15" fc="16777215" fs="i" fa="1" charset="0">anti</text>
      <text fn="Arial" fh="15" fc="16777215" fa="1" charset="0"> and </text>
      <text fn="Arial" fh="15" fc="16777215" fs="i" fa="1" charset="0">monos</text>
      <text fn="Arial" fh="15" fc="16777215" fa="1" charset="238">, meaning ”not alone”, suggesting that the element does not occur naturally in the free state. The name Stibium was given to antimony by Antoine Laurent Lavoisier in the 1780s. Antimony and its compounds are poisonous.</text>
   </par>
</scrollbox>
