﻿<?xml version="1.0" encoding="windows-1252"?>
<!-- File created by XML_Editor.ocx (RTF-XML editor-parser) v2.8 (xml) -->
<scrollbox>
   <par align="l" li="0" ri="0" iln="0">
      <text fn="Arial" fh="15" fc="16777215" fa="1" charset="238">Arsenic is prepared by heating the mineral </text>
      <text fn="Arial" fh="15" fc="16777215" fa="1" charset="0">mispickel </text>
      <text fn="Arial" fh="15" fc="16777215" fa="1" charset="238">in the absence of air.</text>
   </par>
   
   <par align="l" li="0" ri="0" iln="0">
      <text fn="Arial" fh="15" fc="16777215" fa="1" charset="238"> Arsenic can also be obtained by the reduction of white arsenic – A</text>
      <subsup>
      <text fn="Arial" fh="15" fc="16777215" fa="1" charset="238">s</text>
      <text fn="Arial" fh="13" fc="0" fa="1" charset="238"></text>
      <text fn="Arial" fh="15" fc="16777215" fa="1" charset="238">4</text>
      </subsup>
      <subsup>
      <text fn="Arial" fh="15" fc="16777215" fa="1" charset="0">O</text>
      <text fn="Arial" fh="13" fc="0" fa="1" charset="238"></text>
      <text fn="Arial" fh="15" fc="16777215" fa="1" charset="0">6</text>
      </subsup>
      <text fn="Arial" fh="15" fc="16777215" fa="1" charset="238"> - by carbon.</text>
   </par>
</scrollbox>
