﻿<?xml version="1.0" encoding="windows-1252"?>
<!-- File created by XML_Editor.ocx (RTF-XML editor-parser) v2.8 (xml) -->
<scrollbox>
   <par align="l" li="0" ri="0" iln="0">
      <text fn="Arial" fh="15" fc="16777215" fa="1" charset="238">NItrogen occurs naturally both in the free and combined states. In the free state it is the major constituent of air, making up 78% by volume and 75.5% by weight. Regarding abundance in the Earth's crust, nitrogen is in 30th place, constituting </text>
      <text fn="Arial" fh="15" fc="16777215" fa="1" charset="0">2.5 · </text>
      <subsup>
      <text fn="Arial" fh="15" fc="16777215" fa="1" charset="0">10</text>
      <text fn="Arial" fh="15" fc="16777215" fa="1" charset="238">-3</text>
      </subsup>
      <text fn="Arial" fh="15" fc="16777215" fa="1" charset="0">%</text>
      <text fn="Arial" fh="15" fc="16777215" fa="1" charset="238"> of the crust by weight. It is found in living organisms as a component of proteins. One of its most important naturally occurring compounds is sodium nitrate(V) – NaN</text>
      <subsup>
      <text fn="Arial" fh="15" fc="16777215" fa="1" charset="238">O</text>
      <text fn="Arial" fh="13" fc="0" fa="1" charset="238"></text>
      <text fn="Arial" fh="15" fc="16777215" fa="1" charset="238">3</text>
      </subsup>
      <text fn="Arial" fh="15" fc="16777215" fa="1" charset="0"> (Chile saltpetre).</text>
   </par>
</scrollbox>
