﻿<?xml version="1.0" encoding="windows-1252"?>
<!-- File created by XML_Editor.ocx (RTF-XML editor-parser) v2.8 (xml) -->
<scrollbox>
   <par align="l" li="0" ri="0" iln="0">
      <text fn="Arial" fh="15" fc="16777215" fa="1" charset="238">Barium is a soft, silvery-white metal, a good conductor of heat and electricity. Barium and its compounds impart a greenish colouring to a flame. Barium is very reactive. It oxidises in air and has to be stored in kerosene. When heated, it burns to produce barium hydroxide Ba(OH)</text>
      <subsup>
      <text fn="Arial" fh="13" fc="0" fa="1" charset="238"></text>
      <text fn="Arial" fh="13" fc="0" fa="1" charset="238"></text>
      <text fn="Arial" fh="15" fc="16777215" fa="1" charset="0">2</text>
      </subsup>
      <text fn="Arial" fh="15" fc="16777215" fa="1" charset="238">. The water-soluble barium compounds are h</text>
      <text fn="Arial" fh="15" fc="16777215" fa="1" charset="0">ighly poisonous. Barium was first obtained by </text>
      <text fn="Arial" fh="15" fc="16777215" fa="1" charset="238">Humphry Davy in 1808. Its name is derived from the Greek word barys meaning ”heavy”.</text>
   </par>
</scrollbox>
