﻿<?xml version="1.0" encoding="windows-1250"?>
<!-- File created by XML_Editor.ocx (RTF-XML editor-parser) v2.9 (xml) -->
<scrollbox>
   <par align="l" li="0" ri="0" iln="0">
      <text fn="Arial" fh="15" fc="16777215" fa="1" charset="0">Beryllium is a grey metal, hard and brittle at room temperature. In contact with air it becomes covered by a thin protective coat of oxide (BeO). Powdered </text>
      <text fn="Arial" fh="15" fc="16777215" fa="1" charset="238">beryllium</text>
      <text fn="Arial" fh="15" fc="16777215" fa="1" charset="0"> ignites when heated. It does not react with water. </text>
      <text fn="Arial" fh="15" fc="16777215" fa="1" charset="238">Beryllium was discovered in 1797 by a French chemist Louis Nicolas Vauquelin. In 1828 beryllium was isolated independently  by Friedrich Wöhler and Antoine Bussy. The name beryllium is derived from the mineral beryl - a compound of beryllium. The Greek word </text>
      <text fn="Arial" fh="15" fc="16777215" fs="i" fa="1" charset="238">beryllos</text>
      <text fn="Arial" fh="15" fc="16777215" fa="1" charset="238"> means 'gem'. Beryllium and its compounds, especially when powdered, are highly poisonous.</text>
   </par>
</scrollbox>
