﻿<?xml version="1.0" encoding="windows-1252"?>
<!-- File created by XML_Editor.ocx (RTF-XML editor-parser) v2.8 (xml) -->
<scrollbox>
   <par align="l" li="0" ri="0" iln="0">
      <text fn="Arial" fh="15" fc="16777215" fa="1" charset="238">Beryllium is  quite a rare element. The beryllium content in the Earth's crust is minor -</text>
      <text fn="Arial" fh="15" fc="16777215" fa="1" charset="0"> 2.6 · </text>
      <subsup>
      <text fn="Arial" fh="15" fc="16777215" fa="1" charset="0">10</text>
      <text fn="Arial" fh="15" fc="16777215" fa="1" charset="238">-4</text>
      </subsup>
      <text fn="Arial" fh="15" fc="16777215" fa="1" charset="238">%. Beryllium is 43rd among the elements in terms of abundance. The most important beryllium mineral is beryllium aluminosilicate, called beryl. Emeralds are one of the forms of this mineral. </text>
   </par>
</scrollbox>
