﻿<?xml version="1.0" encoding="windows-1252"?>
<!-- File created by XML_Editor.ocx (RTF-XML editor-parser) v2.8 (xml) -->
<scrollbox>
   <par align="l" li="0" ri="0" iln="0">
      <text fn="Arial" fh="15" fc="16777215" fa="1" charset="238">Bismuth is used to produce low-melting alloys and as a heat conductor in nuclear reactors. It is also used to make shields against </text>
      <text fn="Symbol" fh="15" fc="16777215" fa="1" charset="2">gamma</text>
      <text fn="Arial" fh="15" fc="16777215" fa="1" charset="0">-radiation.</text>
   </par>
</scrollbox>
