﻿<?xml version="1.0" encoding="windows-1252"?>
<!-- File created by XML_Editor.ocx (RTF-XML editor-parser) v2.8 (xml) -->
<scrollbox>
   <par align="l" li="0" ri="0" iln="0">
      <text fn="Arial" fh="15" fc="16777215" fa="1" charset="238">Boron is used as a steel additive, which radically improves its hardness even in very small amounts </text>
      <text fn="Arial" fh="15" fc="16777215" fa="1" charset="0">(0.0001 - 0.0003%)</text>
      <text fn="Arial" fh="15" fc="16777215" fa="1" charset="238">. Borides - compounds of boron and metals - are resistant to very high temperatures and are used in the construction of spacecraft jets. Boric acid - </text>
      <subsup>
      <text fn="Arial" fh="15" fc="16777215" fa="1" charset="238">H</text>
      <text fn="Arial" fh="13" fc="0" fa="1" charset="238"></text>
      <text fn="Arial" fh="15" fc="16777215" fa="1" charset="238">3</text>
      </subsup>
      <text fn="Arial" fh="15" fc="16777215" fa="1" charset="238">B</text>
      <subsup>
      <text fn="Arial" fh="15" fc="16777215" fa="1" charset="238">O</text>
      <text fn="Arial" fh="13" fc="0" fa="1" charset="238"></text>
      <text fn="Arial" fh="15" fc="16777215" fa="1" charset="238">3</text>
      </subsup>
      <text fn="Arial" fh="15" fc="16777215" fa="1" charset="238"> - is used as a mild antiseptic.</text>
   </par>
</scrollbox>
