﻿<?xml version="1.0" encoding="windows-1252"?>
<!-- File created by XML_Editor.ocx (RTF-XML editor-parser) v2.8 (xml) -->
<scrollbox>
   <par align="l" li="0" ri="0" iln="0">
      <text fn="Arial" fh="15" fc="16777215" fa="1" charset="0">Boron is a hard, brittle metalloid. Pure crystalline boron is greyish-black. It is relatively  inert chemically. In the amorphous form it is a brown powder. Boron compounds have been known since ancient times. Elemental boron was isolated in 1808 at the same time by two Frenchmen, Joseph Louis Gay-Lussac and Louis Thénard, and by the English chemist Humphry Davy. </text>
   </par>
   <par align="l" li="0" ri="0" iln="0">
      <text fn="Arial" fh="15" fc="16777215" fa="1" charset="0">T</text>
      <text fn="Arial" fh="15" fc="16777215" fa="1" charset="238">he name boron is derived from the Arabic word  </text>
      <text fn="Arial" fh="15" fc="16777215" fs="i" fa="1" charset="0">boraks</text>
      <text fn="Arial" fh="15" fc="16777215" fa="1" charset="0">,</text>
      <text fn="Arial" fh="15" fc="16777215" fs="i" fa="1" charset="0"> </text>
      <text fn="Arial" fh="15" fc="16777215" fa="1" charset="238">meaning ”white”.</text>
   </par>
</scrollbox>
