﻿<?xml version="1.0" encoding="windows-1250"?>
<!-- File created by XML_Editor.ocx (RTF-XML editor-parser) v2.6 (xml) -->
<scrollbox>
   <par align="l" li="0" ri="0" iln="0">
      <text fn="Arial" fh="15" fc="16777215" fa="1" charset="238">Crystalline boron is obtained by the electrolysis of a mixture of boron compounds and potassium chloride  - KCl. Amorphous boron is produced by the reduction of boron oxide  - </text>
      <subsup>
      <text fn="Arial" fh="15" fc="16777215" fa="1" charset="238">B</text>
      <text fn="Arial" fh="13" fc="0" fa="1" charset="238"></text>
      <text fn="Arial" fh="15" fc="16777215" fa="1" charset="238">2</text>
      </subsup>
      <subsup>
      <text fn="Arial" fh="15" fc="16777215" fa="1" charset="0">O</text>
      <text fn="Arial" fh="13" fc="0" fa="1" charset="238"></text>
      <text fn="Arial" fh="15" fc="16777215" fa="1" charset="0">3</text>
      </subsup>
      <text fn="Arial" fh="15" fc="16777215" fa="1" charset="238"> - </text>
      <text fn="Arial" fh="15" fc="16777215" fa="1" charset="0">by magnesium.</text>
   </par>
</scrollbox>
