﻿<?xml version="1.0" encoding="windows-1252"?>
<!-- File created by XML_Editor.ocx (RTF-XML editor-parser) v2.8 (xml) -->
<scrollbox>
   <par align="l" li="0" ri="0" iln="0">
      <text fn="Arial" fh="15" fc="16777215" fa="1" charset="238">Chlorine is a greenish-yellow gas with a sharp, choking odour, extremely irritating to the respiratory system. It is poisonous. This property of chlorine was employed during the First World War. Obtained for the first time by the Swedish chemist Karl Wilhelm Scheele in 1774. In 1810 the English chemist Humphry Davy proved that chlorine is an element and named it for its colour (the Greek </text>
      <text fn="Arial" fh="15" fc="16777215" fs="i" fa="1" charset="238">chloros</text>
      <text fn="Arial" fh="15" fc="16777215" fa="1" charset="238"> means greenish-yellow). Chlorine is very reactive and reacts with most elements to form chlorides. It combines with hydrogen to produce hydrogen chloride - HCl.</text>
   </par>
</scrollbox>
