﻿<?xml version="1.0" encoding="windows-1252"?>
<!-- File created by XML_Editor.ocx (RTF-XML editor-parser) v2.8 (xml) -->
<scrollbox>
   <par align="l" li="0" ri="0" iln="0">
      <text fn="Arial" fh="15" fc="16777215" fa="1" charset="238">Tin is a silvery-white, soft metal. It is highly ductile and malleable and is easily rolled into very thin sheets. Polished tin is bluish, which is a result of the reaction with oxygen from air. The resulting tin(IV) oxide  Sn</text>
      <subsup>
      <text fn="Arial" fh="15" fc="16777215" fa="1" charset="238">O</text>
      <text fn="Arial" fh="13" fc="0" fa="1" charset="238"></text>
      <text fn="Arial" fh="15" fc="16777215" fa="1" charset="238">2</text>
      </subsup>
      <text fn="Arial" fh="15" fc="16777215" fa="1" charset="238"> forms a protective layer, eliminating further corrosion. Two allotropic forms are known: white and grey tin. White tin is stable above 13.2 </text>
      <text fn="Symbol" fh="15" fc="16777215" fa="1" charset="2">°</text>
      <text fn="Arial" fh="15" fc="16777215" fa="1" charset="238">C, while grey tin is stable below this temperature. An interesting property of tin is the characteristic ”cry” heard when bending a tin rod. Tin was known in ancient times. The name is derived from the Latin name of the element, </text>
      <text fn="Arial" fh="15" fc="16777215" fs="i" fa="1" charset="238">stannum</text>
      <text fn="Arial" fh="15" fc="16777215" fa="1" charset="238">.</text>
   </par>
</scrollbox>
