﻿<?xml version="1.0" encoding="windows-1250"?>
<!-- File created by XML_Editor.ocx (RTF-XML editor-parser) v2.9 (xml) -->
<scrollbox>
   <par align="l" li="0" ri="0" iln="0">
      <text fn="Arial" fh="15" fc="16777215" fa="1" charset="0">Tin occurs naturally only in the combined state. Chief tin ores are: cassiterite </text>
      <text fn="Arial" fh="15" fc="16777215" fa="1" charset="238">– Sn</text>
      <subsup>
      <text fn="Arial" fh="15" fc="16777215" fa="1" charset="238">O</text>
      <text fn="Arial" fh="13" fc="0" fa="1" charset="238"></text>
      <text fn="Arial" fh="13" fc="16777215" fa="1" charset="238">2</text>
      </subsup>
      <text fn="Arial" fh="15" fc="16777215" fa="1" charset="238"> and stannite - C</text>
      <subsup>
      <text fn="Arial" fh="15" fc="16777215" fa="1" charset="238">u</text>
      <text fn="Arial" fh="13" fc="0" fa="1" charset="238"></text>
      <text fn="Arial" fh="13" fc="16777215" fa="1" charset="238">2</text>
      </subsup>
      <text fn="Arial" fh="15" fc="16777215" fa="1" charset="238">FeSn</text>
      <subsup>
      <text fn="Arial" fh="15" fc="16777215" fa="1" charset="238">S</text>
      <text fn="Arial" fh="13" fc="0" fa="1" charset="238"></text>
      <text fn="Arial" fh="13" fc="16777215" fa="1" charset="238">4</text>
      </subsup>
      <text fn="Arial" fh="15" fc="16777215" fa="1" charset="0">.</text>
      <text fn="Arial" fh="15" fc="16777215" fa="1" charset="238"> Tin is an element of low abundance, making up 2.2 </text>
      <text fn="Symbol" fh="15" fc="16777215" fa="1" charset="2">´</text>
      <text fn="Arial" fh="15" fc="16777215" fa="1" charset="0"> </text>
      <subsup>
      <text fn="Arial" fh="15" fc="16777215" fa="1" charset="238">10</text>
      <text fn="Arial" fh="13" fc="16777215" fa="1" charset="238">-4</text>
      </subsup>
      <text fn="Arial" fh="13" fc="0" fa="1" charset="0"> </text>
      <text fn="Arial" fh="15" fc="16777215" fa="1" charset="238">% of the earth's crust by weight and ranking 49</text>
      <text fn="Arial" fh="11" fc="16777215" fa="1" charset="238">th </text>
      <text fn="Arial" fh="15" fc="16777215" fa="1" charset="238">among the elements.</text>
   </par>
</scrollbox>
