﻿<?xml version="1.0" encoding="windows-1252"?>
<!-- File created by XML_Editor.ocx (RTF-XML editor-parser) v2.8 (xml) -->
<scrollbox>
   <par align="l" li="0" ri="0" iln="0">
      <text fn="Arial" fh="15" fc="16777215" fa="1" charset="238">Zinc is a silvery-white metal with a bluish tint. Brittle at room temperature, at 100 – 150 </text>
      <text fn="Symbol" fh="15" fc="16777215" fa="1" charset="2">°</text>
      <text fn="Arial" fh="15" fc="16777215" fa="1" charset="238">C it is easily rolled and drawn. Above 200 </text>
      <text fn="Symbol" fh="15" fc="16777215" fa="1" charset="2">°</text>
      <text fn="Arial" fh="15" fc="16777215" fa="1" charset="238">C it becomes brittle again and can be powdered. In contact with air, zinc forms a thin layer of oxide on the surface and loses its lustre. Strongly heated, it burns to produce zinc oxide - ZnO. Zinc was known in ancient times.</text>
   </par>
</scrollbox>
