﻿<?xml version="1.0" encoding="windows-1252"?>
<!-- File created by XML_Editor.ocx (RTF-XML editor-parser) v2.8 (xml) -->
<scrollbox>
   <par align="l" li="0" ri="0" iln="0">
      <text fn="Arial" fh="15" fc="16777215" fa="1" charset="0">Erbium is found in nature only in compounds in minerals (xenotime and euxenite), as an impurity, usually with dysprosium. It constitutes </text>
      <text fn="Arial" fh="15" fc="16777215" fa="1" charset="238">3.8 · </text>
      <subsup>
      <text fn="Arial" fh="15" fc="16777215" fa="1" charset="238">10</text>
      <text fn="Arial" fh="15" fc="16777215" fa="1" charset="238">-4</text>
      </subsup>
      <text fn="Arial" fh="15" fc="16777215" fa="1" charset="0">% of the </text>
      <text fn="Arial" fh="15" fc="16777215" fa="1" charset="238">Earth's</text>
      <text fn="Arial" fh="15" fc="16777215" fa="1" charset="0"> crust by weight and is ranked 44th among the elements for abundance.</text>
   </par>
</scrollbox>
