﻿<?xml version="1.0" encoding="windows-1252"?>
<!-- File created by XML_Editor.ocx (RTF-XML editor-parser) v2.8 (xml) -->
<scrollbox>
   <par align="l" li="0" ri="0" iln="0">
      <text fn="Arial" fh="15" fc="16777215" fa="1" charset="238">Europium is obtained from europium(III) oxide - E</text>
      <subsup>
      <text fn="Arial" fh="15" fc="16777215" fa="1" charset="238">u</text>
      <text fn="Arial" fh="13" fc="0" fa="1" charset="238"></text>
      <text fn="Arial" fh="15" fc="16777215" fa="1" charset="238">2</text>
      </subsup>
      <subsup>
      <text fn="Arial" fh="15" fc="16777215" fa="1" charset="238">O</text>
      <text fn="Arial" fh="13" fc="0" fa="1" charset="238"></text>
      <text fn="Arial" fh="15" fc="16777215" fa="1" charset="238">3</text>
      </subsup>
      <text fn="Arial" fh="15" fc="16777215" fa="1" charset="238"> - by reduction using lanthanum in a vacuum. It can also be prepared, like other lanthanide series elements, by the reduction of its chloride - EuC</text>
      <subsup>
      <text fn="Arial" fh="15" fc="16777215" fa="1" charset="238">l</text>
      <text fn="Arial" fh="13" fc="0" fa="1" charset="238"></text>
      <text fn="Arial" fh="15" fc="16777215" fa="1" charset="238">3</text>
      </subsup>
      <text fn="Arial" fh="15" fc="16777215" fa="1" charset="238"> - by calcium, or by the electrolysis of this compound in the molten state.</text>
   </par>
</scrollbox>
