﻿<?xml version="1.0" encoding="windows-1252"?>
<!-- File created by XML_Editor.ocx (RTF-XML editor-parser) v2.8 (xml) -->
<scrollbox>
   <par align="l" li="0" ri="0" iln="0">
      <text fn="Arial" fh="15" fc="16777215" fa="1" charset="238">Fermium is a synthetic, radioactive metal - a transuranic element belonging to the actinide series. Its most stable isotope is fermium-257, with a half-life of 100 days. It forms compounds typical of the transuranic elements, for example: fermium(II) oxide FmO, fermium(III) oxide F</text>
      <subsup>
      <text fn="Arial" fh="15" fc="16777215" fa="1" charset="238">m</text>
      <text fn="Arial" fh="13" fc="0" fa="1" charset="238"></text>
      <text fn="Arial" fh="15" fc="16777215" fa="1" charset="238">2</text>
      </subsup>
      <subsup>
      <text fn="Arial" fh="15" fc="16777215" fa="1" charset="0">O</text>
      <text fn="Arial" fh="13" fc="0" fa="1" charset="238"></text>
      <text fn="Arial" fh="15" fc="16777215" fa="1" charset="0">3</text>
      </subsup>
      <text fn="Arial" fh="15" fc="16777215" fa="1" charset="0">,  fermium(III) chloride - FmC</text>
      <subsup>
      <text fn="Arial" fh="15" fc="16777215" fa="1" charset="0">l</text>
      <text fn="Arial" fh="13" fc="0" fa="1" charset="238"></text>
      <text fn="Arial" fh="15" fc="16777215" fa="1" charset="0">3</text>
      </subsup>
      <text fn="Arial" fh="15" fc="16777215" fa="1" charset="0">, fermium(II) bromide - FmB</text>
      <subsup>
      <text fn="Arial" fh="15" fc="16777215" fa="1" charset="0">r</text>
      <text fn="Arial" fh="13" fc="0" fa="1" charset="238"></text>
      <text fn="Arial" fh="15" fc="16777215" fa="1" charset="0">2</text>
      </subsup>
      <text fn="Arial" fh="15" fc="16777215" fa="1" charset="238">. Fermium was </text>
      <text fn="Arial" fh="15" fc="16777215" fa="1" charset="0">first identified by Albert Ghiorso and colleagues in 1952. It was named after the nuclear physicist Enrico Fermi.</text>
   </par>
</scrollbox>
