﻿<?xml version="1.0" encoding="windows-1252"?>
<!-- File created by XML_Editor.ocx (RTF-XML editor-parser) v2.8 (xml) -->
<scrollbox>
   <par align="l" li="0" ri="0" iln="0">
      <text fn="Arial" fh="15" fc="16777215" fa="1" charset="0">In nature fluorine occurs only in the combined state. Its chief minerals are fluorite (Ca</text>
      <subsup>
      <text fn="Arial" fh="15" fc="16777215" fa="1" charset="0">F</text>
      <text fn="Arial" fh="13" fc="0" fa="1" charset="238"></text>
      <text fn="Arial" fh="15" fc="16777215" fa="1" charset="0">2</text>
      </subsup>
      <text fn="Arial" fh="15" fc="16777215" fa="1" charset="0">) and and cryolite  (N</text>
      <subsup>
      <text fn="Arial" fh="15" fc="16777215" fa="1" charset="0">a</text>
      <text fn="Arial" fh="13" fc="0" fa="1" charset="238"></text>
      <text fn="Arial" fh="15" fc="16777215" fa="1" charset="0">3</text>
      </subsup>
      <text fn="Arial" fh="15" fc="16777215" fa="1" charset="0">Al</text>
      <subsup>
      <text fn="Arial" fh="15" fc="16777215" fa="1" charset="0">F</text>
      <text fn="Arial" fh="13" fc="0" fa="1" charset="238"></text>
      <text fn="Arial" fh="15" fc="16777215" fa="1" charset="0">6</text>
      </subsup>
      <text fn="Arial" fh="15" fc="16777215" fa="1" charset="0">)</text>
      <text fn="Arial" fh="15" fc="16777215" fa="1" charset="238">. </text>
   </par>
   <par align="l" li="0" ri="0" iln="0">
      <text fn="Arial" fh="15" fc="16777215" fa="1" charset="238">It constitutes 0.095% of the Earth's crust by weight. </text>
   </par>
   <par align="l" li="0" ri="0" iln="0">
      <text fn="Arial" fh="15" fc="16777215" fa="1" charset="238">It ranks 12th in abundance in the Earth's crust. Fluorine is </text>
   </par>
   <par align="l" li="0" ri="0" iln="0">
      <text fn="Arial" fh="15" fc="16777215" fa="1" charset="238">also found in living organisms as a component of bones </text>
   </par>
   <par align="l" li="0" ri="0" iln="0">
      <text fn="Arial" fh="15" fc="16777215" fa="1" charset="238">and teeth.</text>
   </par>
</scrollbox>
