﻿<?xml version="1.0" encoding="windows-1252"?>
<!-- File created by XML_Editor.ocx (RTF-XML editor-parser) v2.8 (xml) -->
<scrollbox>
   <par align="l" li="0" ri="0" iln="0">
      <text fn="Arial" fh="15" fc="16777215" fa="1" charset="238">Red phosphorus is used in the production of matches, fireworks and as an alloy additive. Phosphoric(V) acid </text>
      <text fn="Arial" fh="15" fc="16777215" fa="1" charset="0">-</text>
      <text fn="Arial" fh="15" fc="16777215" fa="1" charset="238">  </text>
      <subsup>
      <text fn="Arial" fh="15" fc="16777215" fa="1" charset="238">H</text>
      <text fn="Arial" fh="13" fc="0" fa="1" charset="238"></text>
      <text fn="Arial" fh="15" fc="16777215" fa="1" charset="238">3</text>
      </subsup>
      <text fn="Arial" fh="15" fc="16777215" fa="1" charset="0">P</text>
      <subsup>
      <text fn="Arial" fh="15" fc="16777215" fa="1" charset="0">O</text>
      <text fn="Arial" fh="13" fc="0" fa="1" charset="238"></text>
      <text fn="Arial" fh="15" fc="16777215" fa="1" charset="0">4</text>
      </subsup>
      <text fn="Arial" fh="15" fc="16777215" fa="1" charset="0"> - is added to fizzy drinks, for example Coca-Cola. Compounds of phosphorus are utilised in the production of washing powders, artificial fertilisers and as desiccants. Certain organic compounds of phosphorus have been used as pesticides.</text>
   </par>
</scrollbox>
