﻿<?xml version="1.0" encoding="windows-1252"?>
<!-- File created by XML_Editor.ocx (RTF-XML editor-parser) v2.8 (xml) -->
<scrollbox>
   <par align="l" li="0" ri="0" iln="0">
      <text fn="Arial" fh="15" fc="16777215" fa="1" charset="238">Gadolinium occurs only in the combined state in the minerals: gadolinite, samarskite and monazite sand, which is a mixture of the phosphates of cerium, thorium, lanthanum and other lanthanide series elements. It accounts for 7.7 · </text>
      <subsup>
      <text fn="Arial" fh="15" fc="16777215" fa="1" charset="238">10</text>
      <text fn="Arial" fh="15" fc="16777215" fa="1" charset="238">-4</text>
      </subsup>
      <text fn="Arial" fh="15" fc="16777215" fa="1" charset="238">% of the Earth's crust by weight. It ranks 41st among the elements in terms of abundance.</text>
   </par>
</scrollbox>
