﻿<?xml version="1.0" encoding="windows-1250"?>
<!-- File created by XML_Editor.ocx (RTF-XML editor-parser) v2.6 (xml) -->
<scrollbox>
   <par align="l" li="0" ri="0" iln="0">
      <subsup>
      <text fn="Arial" fh="13" fc="0" fa="1" charset="238"></text>
      <text fn="Arial" fh="16" fc="1163500" fs="b" fa="1" charset="238">154</text>
      </subsup>
      <text fn="Arial" fh="16" fc="1163500" fs="b" fa="1" charset="238">Gd</text>
      <text fn="Arial" fh="16" fc="255" fs="b" fa="1" charset="238">    </text>
      <subsup>
      <text fn="Arial" fh="13" fc="0" fa="1" charset="238"></text>
      <text fn="Arial" fh="16" fc="1163500" fs="b" fa="1" charset="238">158</text>
      </subsup>
      <text fn="Arial" fh="16" fc="1163500" fs="b" fa="1" charset="238">Gd    </text>
   </par>
   <par align="l" li="0" ri="0" iln="0">
      <subsup>
      <text fn="Arial" fh="13" fc="0" fa="1" charset="238"></text>
      <text fn="Arial" fh="16" fc="1163500" fs="b" fa="1" charset="238">155</text>
      </subsup>
      <text fn="Arial" fh="16" fc="1163500" fs="b" fa="1" charset="238">Gd    </text>
      <subsup>
      <text fn="Arial" fh="13" fc="0" fa="1" charset="238"></text>
      <text fn="Arial" fh="16" fc="1163500" fs="b" fa="1" charset="238">160</text>
      </subsup>
      <text fn="Arial" fh="16" fc="1163500" fs="b" fa="1" charset="238">Gd    </text>
   </par>
   <par align="l" li="0" ri="0" iln="0">
      <subsup>
      <text fn="Arial" fh="13" fc="0" fa="1" charset="238"></text>
      <text fn="Arial" fh="16" fc="1163500" fs="b" fa="1" charset="238">156</text>
      </subsup>
      <text fn="Arial" fh="16" fc="1163500" fs="b" fa="1" charset="238">Gd    </text>
   </par>
   <par align="l" li="0" ri="0" iln="0">
      <subsup>
      <text fn="Arial" fh="13" fc="0" fa="1" charset="238"></text>
      <text fn="Arial" fh="16" fc="1163500" fs="b" fa="1" charset="238">157</text>
      </subsup>
      <text fn="Arial" fh="16" fc="1163500" fs="b" fa="1" charset="238">Gd    </text>
   </par>
</scrollbox>
