﻿<?xml version="1.0" encoding="windows-1252"?>
<!-- File created by XML_Editor.ocx (RTF-XML editor-parser) v2.8 (xml) -->
<scrollbox>
   <par align="l" li="0" ri="0" iln="0">
      <text fn="Arial" fh="15" fc="16777215" fa="1" charset="238">Germanium is a silvery-grey, hard and brittle metalloid. At elevated temperatures it reacts with oxygen to form germanium(IV) oxide  – Ge</text>
      <subsup>
      <text fn="Arial" fh="15" fc="16777215" fa="1" charset="238">O</text>
      <text fn="Arial" fh="13" fc="0" fa="1" charset="238"></text>
      <text fn="Arial" fh="15" fc="16777215" fa="1" charset="238">2</text>
      </subsup>
      <text fn="Arial" fh="15" fc="16777215" fa="1" charset="238">. The existence of germanium and its properties was predicted in 1871 by Dmitri Mendeleyev, who called the hypothetical element ekasilicon. Germanium was discovered in 1886 by the German chemist Clemens Alexander Winkler.</text>
   </par>
</scrollbox>
