﻿<?xml version="1.0" encoding="windows-1250"?>
<!-- File created by XML_Editor.ocx (RTF-XML editor-parser) v2.6 (xml) -->
<scrollbox>
   <par align="l" li="0" ri="0" iln="0">
      <subsup>
      <text fn="Arial" fh="13" fc="0" fa="1" charset="238"></text>
      <text fn="Arial" fh="16" fc="1163500" fs="b" fa="1" charset="238">70</text>
      </subsup>
      <text fn="Arial" fh="16" fc="1163500" fs="b" fa="1" charset="238">Ge</text>
      <text fn="Arial" fh="16" fc="255" fs="b" fa="1" charset="238">    </text>
      <subsup>
      <text fn="Arial" fh="13" fc="0" fa="1" charset="238"></text>
      <text fn="Arial" fh="16" fc="1163500" fs="b" fa="1" charset="238">76</text>
      </subsup>
      <text fn="Arial" fh="16" fc="1163500" fs="b" fa="1" charset="238">Ge    </text>
   </par>
   <par align="l" li="0" ri="0" iln="0">
      <subsup>
      <text fn="Arial" fh="13" fc="0" fa="1" charset="238"></text>
      <text fn="Arial" fh="16" fc="1163500" fs="b" fa="1" charset="238">72</text>
      </subsup>
      <text fn="Arial" fh="16" fc="1163500" fs="b" fa="1" charset="238">Ge    </text>
   </par>
   <par align="l" li="0" ri="0" iln="0">
      <subsup>
      <text fn="Arial" fh="13" fc="0" fa="1" charset="238"></text>
      <text fn="Arial" fh="16" fc="1163500" fs="b" fa="1" charset="238">73</text>
      </subsup>
      <text fn="Arial" fh="16" fc="1163500" fs="b" fa="1" charset="238">Ge    </text>
   </par>
   <par align="l" li="0" ri="0" iln="0">
      <subsup>
      <text fn="Arial" fh="13" fc="0" fa="1" charset="238"></text>
      <text fn="Arial" fh="16" fc="1163500" fs="b" fa="1" charset="238">74</text>
      </subsup>
      <text fn="Arial" fh="16" fc="1163500" fs="b" fa="1" charset="238">Ge    </text>
   </par>
</scrollbox>
