﻿<?xml version="1.0" encoding="windows-1250"?>
<!-- File created by XML_Editor.ocx (RTF-XML editor-parser) v2.7 (xml) -->
<scrollbox>
   <par align="l" li="0" ri="0" iln="0">
      <text fn="Arial" fh="15" fc="16777215" fa="1" charset="0">Aluminium occurs naturally only in the combined state, chiefly as aluminosilicates, such as orthoclase K[AlS</text>
      <subsup>
      <text fn="Arial" fh="15" fc="16777215" fa="1" charset="0">i</text>
      <text fn="Arial" fh="13" fc="0" fa="1" charset="238"></text>
      <text fn="Arial" fh="15" fc="16777215" fa="1" charset="0">3</text>
      </subsup>
      <subsup>
      <text fn="Arial" fh="15" fc="16777215" fa="1" charset="238">O</text>
      <text fn="Arial" fh="13" fc="0" fa="1" charset="238"></text>
      <text fn="Arial" fh="15" fc="16777215" fa="1" charset="238">8</text>
      </subsup>
      <text fn="Arial" fh="15" fc="16777215" fa="1" charset="0">]. </text>
      <text fn="Arial" fh="15" fc="16777215" fa="1" charset="238">The mineral corundum is a form of aluminium oxide  A</text>
      <subsup>
      <text fn="Arial" fh="15" fc="16777215" fa="1" charset="238">l</text>
      <text fn="Arial" fh="13" fc="0" fa="1" charset="238"></text>
      <text fn="Arial" fh="15" fc="16777215" fa="1" charset="238">2</text>
      </subsup>
      <subsup>
      <text fn="Arial" fh="15" fc="16777215" fa="1" charset="0">O</text>
      <text fn="Arial" fh="13" fc="0" fa="1" charset="238"></text>
      <text fn="Arial" fh="15" fc="16777215" fa="1" charset="0">3</text>
      </subsup>
      <text fn="Arial" fh="15" fc="16777215" fa="1" charset="238">. </text>
      <text fn="Arial" fh="15" fc="16777215" fa="1" charset="0">Aluminium oxide is 4th among the compounds in terms of abundance in the Earth's crust. In bauxite aluminium occurs in the form of hydroxide. Aluminium ranks 3rd among the elements in abundance, making up 8.2% of the Earth's crust by weight.</text>
   </par>
</scrollbox>
