﻿<?xml version="1.0" encoding="windows-1252"?>
<!-- File created by XML_Editor.ocx (RTF-XML editor-parser) v2.8 (xml) -->
<scrollbox>
   <par align="l" li="0" ri="0" iln="0">
      <text fn="Arial" fh="15" fc="16777215" fa="1" charset="238">Hafnium is found only in the combined state, principally with zirconium ores, such as baddeleyite, Zr</text>
      <subsup>
      <text fn="Arial" fh="15" fc="16777215" fa="1" charset="238">O</text>
      <text fn="Arial" fh="13" fc="0" fa="1" charset="238"></text>
      <text fn="Arial" fh="15" fc="16777215" fa="1" charset="238">2</text>
      </subsup>
      <text fn="Arial" fh="15" fc="16777215" fa="1" charset="0"> and zircon, ZrSi</text>
      <subsup>
      <text fn="Arial" fh="15" fc="16777215" fa="1" charset="0">O</text>
      <text fn="Arial" fh="13" fc="0" fa="1" charset="238"></text>
      <text fn="Arial" fh="15" fc="16777215" fa="1" charset="0">4</text>
      </subsup>
      <text fn="Arial" fh="15" fc="16777215" fa="1" charset="0">. It constitutes 3.3 · </text>
      <subsup>
      <text fn="Arial" fh="15" fc="16777215" fa="1" charset="0">10</text>
      <text fn="Arial" fh="15" fc="16777215" fa="1" charset="238">-4</text>
      </subsup>
      <text fn="Arial" fh="15" fc="16777215" fa="1" charset="238">% of the Earth's crust by weight and ranks 45th in abundance.</text>
   </par>
</scrollbox>
