﻿<?xml version="1.0" encoding="windows-1252"?>
<!-- File created by XML_Editor.ocx (RTF-XML editor-parser) v2.8 (xml) -->
<scrollbox>
   <par align="l" li="0" ri="0" iln="0">
      <text fn="Arial" fh="15" fc="16777215" fa="1" charset="238">Hafnium can be prepared by the electrolysis of molten hafnium(IV) fluoride – Hf</text>
      <subsup>
      <text fn="Arial" fh="15" fc="16777215" fa="1" charset="238">F</text>
      <text fn="Arial" fh="13" fc="0" fa="1" charset="238"></text>
      <text fn="Arial" fh="15" fc="16777215" fa="1" charset="238">4</text>
      </subsup>
      <text fn="Arial" fh="15" fc="16777215" fa="1" charset="238"> – or by the condensation of hafnium(IV) iodide vapour – Hf</text>
      <subsup>
      <text fn="Arial" fh="15" fc="16777215" fa="1" charset="238">I</text>
      <text fn="Arial" fh="13" fc="0" fa="1" charset="238"></text>
      <text fn="Arial" fh="15" fc="16777215" fa="1" charset="238">4</text>
      </subsup>
      <text fn="Arial" fh="15" fc="16777215" fa="1" charset="238"> – onto a hot tungsten wire.</text>
   </par>
</scrollbox>
