﻿<?xml version="1.0" encoding="windows-1250"?>
<!-- File created by XML_Editor.ocx (RTF-XML editor-parser) v2.7 (xml) -->
<scrollbox>
   <par align="l" li="0" ri="0" iln="0">
      <text fn="Arial" fh="15" fc="16777215" fa="1" charset="0">Indium occurs naturally only in the combined state, most often as indium (III) sulphide </text>
      <text fn="Arial" fh="15" fc="16777215" fa="1" charset="238">–I</text>
      <subsup>
      <text fn="Arial" fh="15" fc="16777215" fa="1" charset="238">n</text>
      <text fn="Arial" fh="13" fc="0" fa="1" charset="238"></text>
      <text fn="Arial" fh="15" fc="16777215" fa="1" charset="238">2</text>
      </subsup>
      <subsup>
      <text fn="Arial" fh="15" fc="16777215" fa="1" charset="238">S</text>
      <text fn="Arial" fh="13" fc="0" fa="1" charset="238"></text>
      <text fn="Arial" fh="15" fc="16777215" fa="1" charset="238">3</text>
      </subsup>
      <text fn="Arial" fh="15" fc="16777215" fa="1" charset="0"> in zinc, tungsten, tin and iron ores. It constitutes   4</text>
      <text fn="Arial" fh="15" fc="16777215" fa="1" charset="238">.</text>
      <text fn="Arial" fh="15" fc="16777215" fa="1" charset="0">9 · </text>
      <subsup>
      <text fn="Arial" fh="15" fc="16777215" fa="1" charset="0">10</text>
      <text fn="Arial" fh="15" fc="16777215" fa="1" charset="0">-6</text>
      </subsup>
      <text fn="Arial" fh="15" fc="16777215" fa="1" charset="238">% </text>
      <text fn="Arial" fh="15" fc="16777215" fa="1" charset="0">of the </text>
      <text fn="Arial" fh="15" fc="16777215" fa="1" charset="238">Earth's</text>
      <text fn="Arial" fh="15" fc="16777215" fa="1" charset="0"> crust by weight. In abundance it ranks 69th among the elements.</text>
   </par>
</scrollbox>
