﻿<?xml version="1.0" encoding="windows-1252"?>
<!-- File created by XML_Editor.ocx (RTF-XML editor-parser) v2.8 (xml) -->
<scrollbox>
   <par align="l" li="0" ri="0" iln="0">
      <text fn="Arial" fh="15" fc="16777215" fa="1" charset="238">Iridium is a silvery-white, very hard and dense metal. Chemically inert, it is regarded among metals as the most resistant to corrosion. It is not even dissolved by aqua regia (a mixture of 3 parts of concentrated hydrochloric acid and 1 part of concentrated nitric acid by volume), and so is classified as a noble metal. When solidified from the liquid state, iridium has a crystalline structure, imparting considerable ductility, and can be drawn into wires or rolled into sheets. It was discovered by an English chemist, Smithson Tennant, in 1803. Its name is derived from the Latin </text>
      <text fn="Arial" fh="15" fc="16777215" fs="i" fa="1" charset="238">iris</text>
      <text fn="Arial" fh="15" fc="16777215" fa="1" charset="238"> - rainbow, because of its multicoloured compounds.</text>
   </par>
</scrollbox>
