﻿<?xml version="1.0" encoding="windows-1252"?>
<!-- File created by XML_Editor.ocx (RTF-XML editor-parser) v2.8 (xml) -->
<scrollbox>
   <par align="l" li="0" ri="0" iln="0">
      <text fn="Arial" fh="15" fc="16777215" fa="1" charset="0">Ytterbium occurs naturally only in the combined state, most abundantly in monazite sand, which is a mixture of the phosphates of cerium, thorium, lanthanum and other lanthanides. These elements make up 50% of monazite sand by weight, while the ytterbium content is found to be about 0.003%. Ytterbium constitutes </text>
      <text fn="Arial" fh="15" fc="16777215" fa="1" charset="238">5.3 · </text>
      <subsup>
      <text fn="Arial" fh="15" fc="16777215" fa="1" charset="238">10</text>
      <text fn="Arial" fh="15" fc="16777215" fa="1" charset="238">-4</text>
      </subsup>
      <text fn="Arial" fh="15" fc="16777215" fa="1" charset="0">% of the </text>
      <text fn="Arial" fh="15" fc="16777215" fa="1" charset="238">Earth's</text>
      <text fn="Arial" fh="15" fc="16744703" fa="1" charset="238"> </text>
      <text fn="Arial" fh="15" fc="16777215" fa="1" charset="0">crust by weight and ranks 43rd in abundance.</text>
   </par>
</scrollbox>
