﻿<?xml version="1.0" encoding="windows-1252"?>
<!-- File created by XML_Editor.ocx (RTF-XML editor-parser) v2.8 (xml) -->
<scrollbox>
   <par align="l" li="0" ri="0" iln="0">
      <text fn="Arial" fh="15" fc="16777215" fa="1" charset="0">Ytterbium is used in the preparation of ferrites - mixed oxides, whose chief component is iron(III) oxide </text>
      <text fn="Arial" fh="15" fc="16777215" fa="1" charset="238">- F</text>
      <subsup>
      <text fn="Arial" fh="15" fc="16777215" fa="1" charset="238">e</text>
      <text fn="Arial" fh="13" fc="0" fa="1" charset="238"></text>
      <text fn="Arial" fh="15" fc="16777215" fa="1" charset="238">2</text>
      </subsup>
      <subsup>
      <text fn="Arial" fh="15" fc="16777215" fa="1" charset="238">O</text>
      <text fn="Arial" fh="13" fc="0" fa="1" charset="238"></text>
      <text fn="Arial" fh="15" fc="16777215" fa="1" charset="238">3</text>
      </subsup>
      <text fn="Arial" fh="15" fc="16777215" fa="1" charset="238">, used in the production of audio- and video-recording tapes. Ytterbium is also a component of many alloys.</text>
   </par>
</scrollbox>
