﻿<?xml version="1.0" encoding="windows-1252"?>
<!-- File created by XML_Editor.ocx (RTF-XML editor-parser) v2.8 (xml) -->
<scrollbox>
   <par align="l" li="0" ri="0" iln="0">
      <text fn="Arial" fh="15" fc="16777215" fa="1" charset="238">Ytterbium is a silvery-white, shiny, soft and malleable metal. It belongs to the lanthanide series. On contact with air the metal surface loses its lustre, due to the formation of a  protective layer of ytterbium(III) oxide - Y</text>
      <subsup>
      <text fn="Arial" fh="15" fc="16777215" fa="1" charset="238">b</text>
      <text fn="Arial" fh="13" fc="0" fa="1" charset="238"></text>
      <text fn="Arial" fh="15" fc="16777215" fa="1" charset="238">2</text>
      </subsup>
      <subsup>
      <text fn="Arial" fh="15" fc="16777215" fa="1" charset="238">O</text>
      <text fn="Arial" fh="13" fc="0" fa="1" charset="238"></text>
      <text fn="Arial" fh="15" fc="16777215" fa="1" charset="238">3</text>
      </subsup>
      <text fn="Arial" fh="15" fc="16777215" fa="1" charset="238">. In reaction with water ytterbium produces ytterbium(III) hydroxide </text>
      <text fn="Arial" fh="15" fc="16777215" fa="1" charset="0"> Yb(OH</text>
      <subsup>
      <text fn="Arial" fh="15" fc="16777215" fa="1" charset="0">)</text>
      <text fn="Arial" fh="13" fc="0" fa="1" charset="238"></text>
      <text fn="Arial" fh="15" fc="16777215" fa="1" charset="0">3</text>
      </subsup>
      <text fn="Arial" fh="15" fc="16777215" fa="1" charset="238">; in reaction with acids, salts are formed , for example ytterbium(III) chloride, YbC</text>
      <subsup>
      <text fn="Arial" fh="15" fc="16777215" fa="1" charset="238">l</text>
      <text fn="Arial" fh="13" fc="0" fa="1" charset="238"></text>
      <text fn="Arial" fh="15" fc="16777215" fa="1" charset="238">3</text>
      </subsup>
      <text fn="Arial" fh="15" fc="16777215" fa="1" charset="238">. In certain compounds ytterbium occurs as Y</text>
      <subsup>
      <text fn="Arial" fh="15" fc="16777215" fa="1" charset="238">b</text>
      <text fn="Arial" fh="15" fc="16777215" fa="1" charset="238">2&#43;</text>
      </subsup>
      <text fn="Arial" fh="15" fc="16777215" fa="1" charset="238"> ions. Ytterbium salts can be white or pale-green in colour. Ytterbium was discovered by the Swiss chemist  Jean Charles de Marignac, in 1878. It was named after the Swedish town of Ytterby.</text>
   </par>
</scrollbox>
