﻿<?xml version="1.0" encoding="windows-1252"?>
<!-- File created by XML_Editor.ocx (RTF-XML editor-parser) v2.8 (xml) -->
<scrollbox>
   <par align="l" li="0" ri="0" iln="0">
      <text fn="Arial" fh="15" fc="16777215" fa="1" charset="238">Iodine never occurs freely in nature and is a relatively rare element. In abundance it ranks 64th and constitutes 1.4 · </text>
      <subsup>
      <text fn="Arial" fh="15" fc="16777215" fa="1" charset="238">10</text>
      <text fn="Arial" fh="15" fc="16777215" fa="1" charset="238">-5</text>
      </subsup>
      <text fn="Arial" fh="15" fc="16777215" fa="1" charset="238">% </text>
      <text fn="Arial" fh="15" fc="16777215" fa="1" charset="0">of the </text>
      <text fn="Arial" fh="15" fc="16777215" fa="1" charset="238">Earth's</text>
      <text fn="Arial" fh="15" fc="16777215" fa="1" charset="0"> crust by weight.</text>
   </par>
   <par align="l" li="0" ri="0" iln="0">
      <text fn="Arial" fh="15" fc="16777215" fa="1" charset="0">It is found in minute amounts in seawater and seaweed, and also as an impurity in Chile saltpetre </text>
      <text fn="Arial" fh="15" fc="16777215" fa="1" charset="238">– NaN</text>
      <subsup>
      <text fn="Arial" fh="15" fc="16777215" fa="1" charset="238">O</text>
      <text fn="Arial" fh="13" fc="0" fa="1" charset="238"></text>
      <text fn="Arial" fh="15" fc="16777215" fa="1" charset="238">3</text>
      </subsup>
      <text fn="Arial" fh="15" fc="16777215" fa="1" charset="238">. In the human organism iodine compounds are found in the thyroid gland.</text>
   </par>
</scrollbox>
