﻿<?xml version="1.0" encoding="windows-1252"?>
<!-- File created by XML_Editor.ocx (RTF-XML editor-parser) v2.8 (xml) -->
<scrollbox>
   <par align="l" li="0" ri="0" iln="0">
      <text fn="Arial" fh="15" fc="16777215" fa="1" charset="0">Cadmium is a soft and ductile metal, silvery-white in colour with a bluish tinge. On contact with air it becomes covered with a thin layer of cadmium oxide - CdO - and loses its shine. When heated strongly, cadmium burns with a red flame. It dissolves in acids and reacts with water vapour. Cadmium and its compounds are toxic and carcinogenic. Cadmium was discovered by Friedrich Strohmeyer,  and independently by K.S.L. Hermann and J.C. Roloff, in 1817. The name of the element is derived from the Greek word </text>
      <text fn="Arial" fh="15" fc="16777215" fs="i" fa="1" charset="0">Kadmeia</text>
      <text fn="Arial" fh="15" fc="16777215" fa="1" charset="0">.</text>
   </par>
</scrollbox>
