﻿<?xml version="1.0" encoding="windows-1250"?>
<!-- File created by XML_Editor.ocx (RTF-XML editor-parser) v2.7 (xml) -->
<scrollbox>
   <par align="l" li="0" ri="0" iln="0">
      <text fn="Arial" fh="15" fc="16777215" fa="1" charset="238">Cadmium occurs only combined in nature, in the form of compounds. The principal cadmium-bearing mineral is greenockite - CdS, which, however, does not occur by itself but usually in association with zinc ores. Cadmium makes up </text>
      <text fn="Arial" fh="15" fc="16777215" fa="1" charset="0">1.1 · </text>
      <subsup>
      <text fn="Arial" fh="15" fc="16777215" fa="1" charset="0">10</text>
      <text fn="Arial" fh="15" fc="16777215" fa="1" charset="238">-5</text>
      </subsup>
      <text fn="Arial" fh="15" fc="16777215" fa="1" charset="238">% of the Earth's crust by weight. In terms of abundance it ranks 65th.</text>
   </par>
</scrollbox>
