﻿<?xml version="1.0" encoding="windows-1252"?>
<!-- File created by XML_Editor.ocx (RTF-XML editor-parser) v2.8 (xml) -->
<scrollbox>
   <par align="l" li="0" ri="0" iln="0">
      <text fn="Arial" fh="15" fc="16777215" fa="1" charset="238">Curium can be prepared by the bombardment of plutonium-239 with alpha-particles, i.e. helium nuclei. Metallic curium is prepared by the reduction of curium(III) fluoride </text>
      <text fn="Arial" fh="15" fc="16777215" fa="1" charset="0">- </text>
      <text fn="Arial" fh="15" fc="16777215" fa="1" charset="238">Cm</text>
      <subsup>
      <text fn="Arial" fh="15" fc="16777215" fa="1" charset="238">F</text>
      <text fn="Arial" fh="13" fc="0" fa="1" charset="238"></text>
      <text fn="Arial" fh="15" fc="16777215" fa="1" charset="238">3</text>
      </subsup>
      <text fn="Arial" fh="15" fc="16777215" fa="1" charset="0"> – </text>
      <text fn="Arial" fh="15" fc="16777215" fa="1" charset="238">by barium vapour at </text>
      <text fn="Arial" fh="15" fc="16777215" fa="1" charset="0">1275 </text>
      <text fn="Symbol" fh="15" fc="16777215" fa="1" charset="2">°</text>
      <text fn="Arial" fh="15" fc="16777215" fa="1" charset="0">C.</text>
   </par>
</scrollbox>
