<root>
	<elem>
	<![CDATA[1s<sup>1</sup>]]> 
	</elem>
	<elem>
	<![CDATA[1s<sup>2</sup>]]> 
	</elem>
	<elem>
	<![CDATA[[He]2s<sup>1</sup>]]> 
	</elem>
	<elem>
	<![CDATA[[He]2s<sup>2</sup>]]> 
	</elem>
	<elem>
	<![CDATA[[He]2s<sup>2</sup>2p<sup>1</sup>]]> 
	</elem>
	<elem>
	<![CDATA[[He]2s<sup>2</sup>2p<sup>2</sup>]]> 
	</elem>
	<elem>
	<![CDATA[[He]2s<sup>2</sup>2p<sup>3</sup>]]> 
	</elem>
	<elem>
	<![CDATA[[He]2s<sup>2</sup>2p<sup>4</sup>]]> 
	</elem>
	<elem>
	<![CDATA[[He]2s<sup>2</sup>2p<sup>5</sup>]]> 
	</elem>
	<elem>
	<![CDATA[[He]2s<sup>2</sup>2p<sup>6</sup>]]> 
	</elem>
	<elem>
	<![CDATA[[Ne]3s<sup>1</sup>]]> 
	</elem>
	<elem>
	<![CDATA[[Ne]3s<sup>2</sup>]]> 
	</elem>
	<elem>
	<![CDATA[[Ne]3s<sup>2</sup>3p<sup>1</sup>]]> 
	</elem>
	<elem>
	<![CDATA[[Ne]3s<sup>2</sup>3p<sup>2</sup>]]> 
	</elem>
	<elem>
	<![CDATA[[Ne]3s<sup>2</sup>3p<sup>3</sup>]]> 
	</elem>
	<elem>
	<![CDATA[[Ne]3s<sup>2</sup>3p<sup>4</sup>]]> 
	</elem>
	<elem>
	<![CDATA[[Ne]3s<sup>2</sup>3p<sup>5</sup>]]> 
	</elem>
	<elem>
	<![CDATA[[Ne]3s<sup>2</sup>3p<sup>6</sup>]]> 
	</elem>
	<elem>
	<![CDATA[[Ar]4s<sup>1</sup>]]> 
	</elem>
	<elem>
	<![CDATA[[Ar]4s<sup>2</sup>]]> 
	</elem>
	<elem>
	<![CDATA[[Ar]3d<sup>1</sup>4s<sup>2</sup>]]> 
	</elem>
	<elem>
	<![CDATA[[Ar]3d<sup>2</sup>4s<sup>2</sup>]]> 
	</elem>
	<elem>
	<![CDATA[[Ar]3d<sup>3</sup>4s<sup>2</sup>]]> 
	</elem>
	<elem>
	<![CDATA[[Ar]3d<sup>5</sup>4s<sup>1</sup>]]> 
	</elem>
	<elem>
	<![CDATA[[Ar]3d<sup>5</sup>4s<sup>2</sup>]]> 
	</elem>
	<elem>
	<![CDATA[[Ar]3d<sup>6</sup>4s<sup>2</sup>]]> 
	</elem>
	<elem>
	<![CDATA[[Ar]3d<sup>7</sup>4s<sup>2</sup>]]> 
	</elem>
	<elem>
	<![CDATA[[Ar]3d<sup>8</sup>4s<sup>2</sup>]]> 
	</elem>
	<elem>
	<![CDATA[[Ar]3d<sup>10</sup>4s<sup>1</sup>]]> 
	</elem>
	<elem>
	<![CDATA[[Ar]3d<sup>10</sup>4s<sup>2</sup>]]> 
	</elem>
	<elem>
	<![CDATA[[Ar]3d<sup>10</sup>4s<sup>2</sup>4p<sup>1</sup>]]> 
	</elem>
	<elem>
	<![CDATA[[Ar]3d<sup>10</sup>4s<sup>2</sup>4p<sup>2</sup>]]> 
	</elem>
	<elem>
	<![CDATA[[Ar]3d<sup>10</sup>4s<sup>2</sup>4p<sup>3</sup>]]> 
	</elem>
	<elem>
	<![CDATA[[Ar]3d<sup>10</sup>4s<sup>2</sup>4p<sup>4</sup>]]> 
	</elem>
	<elem>
	<![CDATA[[Ar]3d<sup>10</sup>4s<sup>2</sup>4p<sup>5</sup>]]> 
	</elem>
	<elem>
	<![CDATA[[Ar]3d<sup>10</sup>4s<sup>2</sup>4p<sup>6</sup>]]> 
	</elem>
	<elem>
	<![CDATA[[Kr]5s<sup>1</sup>]]> 
	</elem>
	<elem>
	<![CDATA[[Kr]5s<sup>2</sup>]]> 
	</elem>
	<elem>
	<![CDATA[[Kr]4d<sup>1</sup>5s<sup>2</sup>]]> 
	</elem>
	<elem>
	<![CDATA[[Kr]4d<sup>2</sup>5s<sup>2</sup>]]> 
	</elem>
	<elem>
	<![CDATA[[Kr]4d<sup>4</sup>5s<sup>1</sup>]]> 
	</elem>
	<elem>
	<![CDATA[[Kr]4d<sup>5</sup>5s<sup>1</sup>]]> 
	</elem>
	<elem>
	<![CDATA[[Kr]4d<sup>6</sup>5s<sup>1</sup>]]> 
	</elem>
	<elem>
	<![CDATA[[Kr]4d<sup>7</sup>5s<sup>1</sup>]]> 
	</elem>
	<elem>
	<![CDATA[[Kr]4d<sup>8</sup>5s<sup>1</sup>]]> 
	</elem>
	<elem>
	<![CDATA[[Kr]4d<sup>10</sup>]]> 
	</elem>
	<elem>
	<![CDATA[[Kr]4d<sup>10</sup>5s<sup>1</sup>]]> 
	</elem>
	<elem>
	<![CDATA[[Kr]4d<sup>10</sup>5s<sup>2</sup>]]> 
	</elem>
	<elem>
	<![CDATA[[Kr]4d<sup>10</sup>5s<sup>2</sup>5p<sup>1</sup>]]> 
	</elem>
	<elem>
	<![CDATA[[Kr]4d<sup>10</sup>5s<sup>2</sup>5p<sup>2</sup>]]> 
	</elem>
	<elem>
	<![CDATA[[Kr]4d<sup>10</sup>5s<sup>2</sup>5p<sup>3</sup>]]> 
	</elem>
	<elem>
	<![CDATA[[Kr]4d<sup>10</sup>5s<sup>2</sup>5p<sup>4</sup>]]> 
	</elem>
	<elem>
	<![CDATA[[Kr]4d<sup>10</sup>5s<sup>2</sup>5p<sup>5</sup>]]> 
	</elem>
	<elem>
	<![CDATA[[Kr]4d<sup>10</sup>5s<sup>2</sup>5p<sup>6</sup>]]> 
	</elem>
	<elem>
	<![CDATA[[Xe]6s<sup>1</sup>]]> 
	</elem>
	<elem>
	<![CDATA[[Xe]6s<sup>2</sup>]]> 
	</elem>
	<elem>
	<![CDATA[[Xe]5d<sup>1</sup>6s<sup>2</sup>]]> 
	</elem>
	<elem>
	<![CDATA[[Xe]4f<sup>1</sup>5d<sup>1</sup>6s<sup>2</sup>]]> 
	</elem>
	<elem>
	<![CDATA[[Xe]4f<sup>3</sup>6s<sup>2</sup>]]> 
	</elem>
	<elem>
	<![CDATA[[Xe]4f<sup>4</sup>6s<sup>2</sup>]]> 
	</elem>
	<elem>
	<![CDATA[[Xe]4f<sup>5</sup>6s<sup>2</sup>]]> 
	</elem>
	<elem>
	<![CDATA[[Xe]4f<sup>6</sup>6s<sup>2</sup>]]> 
	</elem>
	<elem>
	<![CDATA[[Xe]4f<sup>7</sup>6s<sup>2</sup>]]> 
	</elem>
	<elem>
	<![CDATA[[Xe]4f<sup>7</sup>5d<sup>1</sup>6s<sup>2</sup>]]> 
	</elem>
	<elem>
	<![CDATA[[Xe]4f<sup>9</sup>6s<sup>2</sup>]]> 
	</elem>
	<elem>
	<![CDATA[[Xe]4f<sup>10</sup>6s<sup>2</sup>]]> 
	</elem>
	<elem>
	<![CDATA[[Xe]4f<sup>11</sup>6s<sup>2</sup>]]> 
	</elem>
	<elem>
	<![CDATA[[Xe]4f<sup>12</sup>6s<sup>2</sup>]]> 
	</elem>
	<elem>
	<![CDATA[[Xe]4f<sup>13</sup>6s<sup>2</sup>]]> 
	</elem>
	<elem>
	<![CDATA[[Xe]4f<sup>14</sup>6s<sup>2</sup>]]> 
	</elem>
	<elem>
	<![CDATA[[Xe]4f<sup>14</sup>5d<sup>1</sup>6s<sup>2</sup>]]> 
	</elem>
	<elem>
	<![CDATA[[Xe]4f<sup>14</sup>5d<sup>2</sup>6s<sup>2</sup>]]> 
	</elem>
	<elem>
	<![CDATA[[Xe]4f<sup>14</sup>5d<sup>3</sup>6s<sup>2</sup>]]> 
	</elem>
	<elem>
	<![CDATA[[Xe]4f<sup>14</sup>5d<sup>4</sup>6s<sup>2</sup>]]> 
	</elem>
	<elem>
	<![CDATA[[Xe]4f<sup>14</sup>5d<sup>5</sup>6s<sup>2</sup>]]> 
	</elem>
	<elem>
	<![CDATA[[Xe]4f<sup>14</sup>5d<sup>6</sup>6s<sup>2</sup>]]> 
	</elem>
	<elem>
	<![CDATA[[Xe]4f<sup>14</sup>5d<sup>7</sup>6s<sup>2</sup>]]> 
	</elem>
	<elem>
	<![CDATA[[Xe]4f<sup>14</sup>5d<sup>9</sup>6s<sup>1</sup>]]> 
	</elem>
	<elem>
	<![CDATA[[Xe]4f<sup>14</sup>5d<sup>10</sup>6s<sup>1</sup>]]> 
	</elem>
	<elem>
	<![CDATA[[Xe]4f<sup>14</sup>5d<sup>10</sup>6s<sup>2</sup>]]> 
	</elem>
	<elem>
	<![CDATA[[Xe]4f<sup>14</sup>5d<sup>10</sup>6s<sup>2</sup>6p<sup>1</sup>]]> 
	</elem>
	<elem>
	<![CDATA[[Xe]4f<sup>14</sup>5d<sup>10</sup>6s<sup>2</sup>6p<sup>2</sup>]]> 
	</elem>
	<elem>
	<![CDATA[[Xe]4f<sup>14</sup>5d<sup>10</sup>6s<sup>2</sup>6p<sup>3</sup>]]> 
	</elem>
	<elem>
	<![CDATA[[Xe]4f<sup>14</sup>5d<sup>10</sup>6s<sup>2</sup>6p<sup>4</sup>]]> 
	</elem>
	<elem>
	<![CDATA[[Xe]4f<sup>14</sup>5d<sup>10</sup>6s<sup>2</sup>6p<sup>5</sup>]]> 
	</elem>
	<elem>
	<![CDATA[[Xe]4f<sup>14</sup>5d<sup>10</sup>6s<sup>2</sup>6p<sup>6</sup>]]> 
	</elem>
	<elem>
	<![CDATA[[Rn]7s<sup>1</sup>]]> 
	</elem>
	<elem>
	<![CDATA[[Rn]7s<sup>2</sup>]]> 
	</elem>
	<elem>
	<![CDATA[[Rn]6d<sup>1</sup>7s<sup>2</sup>]]> 
	</elem>
	<elem>
	<![CDATA[[Rn]6d<sup>2</sup>7s<sup>2</sup>]]> 
	</elem>
	<elem>
	<![CDATA[[Rn]5f<sup>2</sup>6d<sup>1</sup>7s<sup>2</sup>]]> 
	</elem>
	<elem>
	<![CDATA[[Rn]5f<sup>3</sup>6d<sup>1</sup>7s<sup>2</sup>]]> 
	</elem>
	<elem>
	<![CDATA[[Rn]5f<sup>4</sup>6d<sup>1</sup>7s<sup>2</sup>]]> 
	</elem>
	<elem>
	<![CDATA[[Rn]5f<sup>6</sup>7s<sup>2</sup>]]> 
	</elem>
	<elem>
	<![CDATA[[Rn]5f<sup>7</sup>7s<sup>2</sup>]]> 
	</elem>
	<elem>
	<![CDATA[[Rn]5f<sup>7</sup>6d<sup>1</sup>7s<sup>2</sup>]]> 
	</elem>
	<elem>
	<![CDATA[[Rn]5f<sup>9</sup>7s<sup>2</sup>]]> 
	</elem>
	<elem>
	<![CDATA[[Rn]5f<sup>10</sup>7s<sup>2</sup>]]> 
	</elem>
	<elem>
	<![CDATA[[Rn]5f<sup>11</sup>7s<sup>2</sup>]]> 
	</elem>
	<elem>
	<![CDATA[[Rn]5f<sup>12</sup>7s<sup>2</sup>]]> 
	</elem>
	<elem>
	<![CDATA[[Rn]5f<sup>13</sup>7s<sup>2</sup>]]> 
	</elem>
	<elem>
	<![CDATA[[Rn]5f<sup>14</sup>7s<sup>2</sup>]]> 
	</elem>
	<elem>
	<![CDATA[[Rn]5f<sup>14</sup>6d<sup>1</sup>7s<sup>2</sup>]]> 
	</elem>
	<elem>
	<![CDATA[[Rn]5f<sup>14</sup>6d<sup>2</sup>7s<sup>2</sup>]]> 
	</elem>
	<elem>
	<![CDATA[[Rn]5f<sup>14</sup>6d<sup>3</sup>7s<sup>2</sup>]]> 
	</elem>
	<elem>
	<![CDATA[[Rn]5f<sup>14</sup>6d<sup>4</sup>7s<sup>2</sup>]]> 
	</elem>
	<elem>
	<![CDATA[[Rn]5f<sup>14</sup>6d<sup>5</sup>7s<sup>2</sup>]]> 
	</elem>
	<elem>
	<![CDATA[[Rn]5f<sup>14</sup>6d<sup>6</sup>7s<sup>2</sup>]]> 
	</elem>
	<elem>
	<![CDATA[[Rn]5f<sup>14</sup>6d<sup>7</sup>7s<sup>2</sup>]]> 
	</elem>
	<elem>
	<![CDATA[[Rn]5f<sup>14</sup>6d<sup>8</sup>7s<sup>2</sup>]]> 
	</elem>
	<elem>
	<![CDATA[[Rn]5f<sup>14</sup>6d<sup>10</sup>7s<sup>1</sup>]]> 
	</elem>
	<elem>
	<![CDATA[]]> 
	</elem>
	<elem>
	<![CDATA[]]> 
	</elem>
	<elem>
	<![CDATA[]]> 
	</elem>
	<elem>
	<![CDATA[]]> 
	</elem>
	<elem>
	<![CDATA[]]> 
	</elem>
	<elem>
	<![CDATA[]]> 
	</elem>
	<elem>
	<![CDATA[]]> 
	</elem>
	
	













</root>