﻿<?xml version="1.0" encoding="windows-1252"?>
<!-- File created by XML_Editor.ocx (RTF-XML editor-parser) v2.8 (xml) -->
<scrollbox>
   <par align="l" li="0" ri="0" iln="0">
      <text fn="Arial" fh="15" fc="16777215" fa="1" charset="0">Krypton is used to fill high-power light bulbs and certain fluorescent lamps. Subjected to elecrical discharges, krypton emits its characteristic orange light. Krypton lamps are used at airports; their light is visible at a great distance.</text>
   </par>
   <par align="l" li="0" ri="0" iln="0">
      <text fn="Arial" fh="16" fc="0" fa="1" charset="0"></text>
   </par>
   <par align="l" li="0" ri="0" iln="0">
      <text fn="Arial" fh="16" fc="0" fa="1" charset="0"></text>
   </par>
   <par align="l" li="0" ri="0" iln="0">
      <text fn="Arial" fh="15" fc="16777215" fa="1" charset="0"></text>
   </par>
   <par align="l" li="0" ri="0" iln="0">
      <text fn="Arial" fh="16" fc="0" fa="1" charset="0"></text>
   </par>
</scrollbox>
