﻿<?xml version="1.0" encoding="windows-1252"?>
<!-- File created by XML_Editor.ocx (RTF-XML editor-parser) v2.8 (xml) -->
<scrollbox>
   <par align="l" li="0" ri="0" iln="0">
      <text fn="Arial" fh="15" fc="16777215" fa="1" charset="238">Lanthanum is a silvery-white, soft and malleable metal. On contact with air it becomes  passive, being covered with a thin protective layer of lanthanum oxide - L</text>
      <subsup>
      <text fn="Arial" fh="15" fc="16777215" fa="1" charset="238">a</text>
      <text fn="Arial" fh="13" fc="0" fa="1" charset="238"></text>
      <text fn="Arial" fh="15" fc="16777215" fa="1" charset="238">2</text>
      </subsup>
      <subsup>
      <text fn="Arial" fh="15" fc="16777215" fa="1" charset="238">O</text>
      <text fn="Arial" fh="13" fc="0" fa="1" charset="238"></text>
      <text fn="Arial" fh="15" fc="16777215" fa="1" charset="238">3</text>
      </subsup>
      <text fn="Arial" fh="15" fc="16777215" fa="1" charset="238">. Lanthanum ignites when heated; it reacts with water to produce lanthanum hydroxide </text>
      <text fn="Arial" fh="15" fc="16777215" fa="1" charset="0"> - La(OH</text>
      <subsup>
      <text fn="Arial" fh="15" fc="16777215" fa="1" charset="0">)</text>
      <text fn="Arial" fh="13" fc="0" fa="1" charset="238"></text>
      <text fn="Arial" fh="15" fc="16777215" fa="1" charset="0">3</text>
      </subsup>
      <text fn="Arial" fh="15" fc="16777215" fa="1" charset="238"> - and hydrogen. In the periodic table of the elements lanthanum is the first element of the lanthanide series. It was discovered by the Swedish chemist Carl Gustaf Mosander in </text>
      <text fn="Arial" fh="15" fc="16777215" fa="1" charset="0">1839. The name of the element is derived from the Greek word </text>
      <text fn="Arial" fh="15" fc="16777215" fs="i" fa="1" charset="0">lanthanein</text>
      <text fn="Arial" fh="15" fc="16777215" fa="1" charset="0"> - ”concealed”.</text>
   </par>
</scrollbox>
