﻿<?xml version="1.0" encoding="windows-1252"?>
<!-- File created by XML_Editor.ocx (RTF-XML editor-parser) v2.8 (xml) -->
<scrollbox>
   <par align="l" li="0" ri="0" iln="0">
      <text fn="Arial" fh="15" fc="16777215" fa="1" charset="0">Lutetium occurs naturally only in compounds, chiefly in monazite sand, which is a mixture of the phosphates of cerium, thorium, lanthanum and other lanthanides and which contains about 0.003% lutetium. Lutetium constitutes 5.1 · </text>
      <subsup>
      <text fn="Arial" fh="15" fc="16777215" fa="1" charset="0">10</text>
      <text fn="Arial" fh="15" fc="16777215" fa="1" charset="238">-5</text>
      </subsup>
      <text fn="Arial" fh="15" fc="16777215" fa="1" charset="0">% </text>
      <text fn="Arial" fh="15" fc="16777215" fa="1" charset="238">of the Earth's crust by weight and ranks 60th in terms of abundance.</text>
   </par>
</scrollbox>
