﻿<?xml version="1.0" encoding="windows-1252"?>
<!-- File created by XML_Editor.ocx (RTF-XML editor-parser) v2.8 (xml) -->
<scrollbox>
   <par align="l" li="0" ri="0" iln="0">
      <text fn="Arial" fh="15" fc="16777215" fa="1" charset="238">Metallic lutetium is produced by the reduction of lutetium fluoride – Lu</text>
      <subsup>
      <text fn="Arial" fh="15" fc="16777215" fa="1" charset="238">F</text>
      <text fn="Arial" fh="13" fc="0" fa="1" charset="238"></text>
      <text fn="Arial" fh="15" fc="16777215" fa="1" charset="238">3</text>
      </subsup>
      <text fn="Arial" fh="15" fc="16777215" fa="1" charset="0"> – </text>
      <text fn="Arial" fh="15" fc="16777215" fa="1" charset="238">using calcium, or by the reduction of lutetium chloride </text>
      <text fn="Arial" fh="15" fc="16777215" fa="1" charset="0"> – LuC</text>
      <subsup>
      <text fn="Arial" fh="15" fc="16777215" fa="1" charset="0">l</text>
      <text fn="Arial" fh="13" fc="0" fa="1" charset="238"></text>
      <text fn="Arial" fh="15" fc="16777215" fa="1" charset="0">3</text>
      </subsup>
      <text fn="Arial" fh="15" fc="16777215" fa="1" charset="238"> </text>
      <text fn="Arial" fh="15" fc="16777215" fa="1" charset="0">– using lithium.</text>
   </par>
</scrollbox>
