﻿<?xml version="1.0" encoding="windows-1250"?>
<!-- File created by XML_Editor.ocx (RTF-XML editor-parser) v2.7 (xml) -->
<scrollbox>
   <par align="l" li="0" ri="0" iln="0">
      <text fn="Arial" fh="15" fc="16777215" fa="1" charset="238">Manganese is a silvery-white, hard and brittle metal. </text>
      <text fn="Arial" fh="15" fc="16777215" fa="1" charset="0">It oxidises superficially in air. It reacts with acids; when heated it also reacts with certain non-metals, such as sulphur, carbon and nitrogen. Manganese was discovered in 1774 by the Swedish chemist Karl Wilhelm Scheele and isolated the same year by Johann Gottlieb Gahn. Manganese compounds are poisonous.</text>
   </par>
   <par align="l" li="0" ri="0" iln="0">
      <text fn="Arial" fh="16" fc="0" fa="1" charset="0"></text>
   </par>
   <par align="l" li="0" ri="0" iln="0">
      <text fn="Arial" fh="16" fc="0" fa="1" charset="0"></text>
   </par>
   <par align="l" li="0" ri="0" iln="0">
      <text fn="Arial" fh="16" fc="0" fa="1" charset="238"></text>
   </par>
   <par align="l" li="0" ri="0" iln="0">
      <text fn="Arial" fh="15" fc="16777215" fa="1" charset="238"></text>
   </par>
</scrollbox>
