﻿<?xml version="1.0" encoding="windows-1252"?>
<!-- File created by XML_Editor.ocx (RTF-XML editor-parser) v2.8 (xml) -->
<scrollbox>
   <par align="l" li="0" ri="0" iln="0">
      <text fn="Arial" fh="15" fc="16777215" fa="1" charset="238">Manganese is widely used as an alloy additive, for strengthening and for deoxidisng. Manganese compounds are used in the laboratory in chemical analysis. Manganese(IV) oxide </text>
      <text fn="Arial" fh="15" fc="16777215" fa="1" charset="0">- </text>
      <text fn="Arial" fh="15" fc="16777215" fa="1" charset="238">Mn</text>
      <subsup>
      <text fn="Arial" fh="15" fc="16777215" fa="1" charset="238">O</text>
      <text fn="Arial" fh="13" fc="0" fa="1" charset="238"></text>
      <text fn="Arial" fh="15" fc="16777215" fa="1" charset="238">2</text>
      </subsup>
      <text fn="Arial" fh="15" fc="16777215" fa="1" charset="0"> - </text>
      <text fn="Arial" fh="15" fc="16777215" fa="1" charset="238"> is used in batteries and in the manufacture of paints. Potassium manganate(VII) - KMn</text>
      <subsup>
      <text fn="Arial" fh="15" fc="16777215" fa="1" charset="238">O</text>
      <text fn="Arial" fh="13" fc="0" fa="1" charset="238"></text>
      <text fn="Arial" fh="15" fc="16777215" fa="1" charset="238">4</text>
      </subsup>
      <text fn="Arial" fh="15" fc="16777215" fa="1" charset="238"> - is used as a disinfectant and as a chemical reagent. Manganese alloys are utilised in the production of resistors, whose resistance is practically temperature-independent.</text>
   </par>
</scrollbox>
