﻿<?xml version="1.0" encoding="windows-1250"?>
<!-- File created by XML_Editor.ocx (RTF-XML editor-parser) v2.9 (xml) -->
<scrollbox>
   <par align="l" li="0" ri="0" iln="0">
      <text fn="Arial" fh="15" fc="16777215" fa="1" charset="238">Manganese ranks 13</text>
      <text fn="Arial" fh="11" fc="16777215" fa="1" charset="238">th</text>
      <text fn="Arial" fh="15" fc="16777215" fa="1" charset="238"> in abundance in the earth's crust. It constitutes 0.095% of the earth's crust by weight and is the second most abundant heavy metal, after iron. Compounds of manganese usually occur as impurities in iron ores. The most important manganese ores are: pyrolusite - Mn</text>
      <subsup>
      <text fn="Arial" fh="15" fc="16777215" fa="1" charset="238">O</text>
      <text fn="Arial" fh="13" fc="0" fa="1" charset="238"></text>
      <text fn="Arial" fh="13" fc="16777215" fa="1" charset="238">2</text>
      </subsup>
      <text fn="Arial" fh="15" fc="16777215" fa="1" charset="238">, hausmannite - M</text>
      <subsup>
      <text fn="Arial" fh="15" fc="16777215" fa="1" charset="238">n</text>
      <text fn="Arial" fh="13" fc="0" fa="1" charset="238"></text>
      <text fn="Arial" fh="13" fc="16777215" fa="1" charset="238">3</text>
      </subsup>
      <subsup>
      <text fn="Arial" fh="15" fc="16777215" fa="1" charset="238">O</text>
      <text fn="Arial" fh="13" fc="0" fa="1" charset="238"></text>
      <text fn="Arial" fh="13" fc="16777215" fa="1" charset="238">4</text>
      </subsup>
      <text fn="Arial" fh="15" fc="16777215" fa="1" charset="238">, braunite - M</text>
      <subsup>
      <text fn="Arial" fh="15" fc="16777215" fa="1" charset="238">n</text>
      <text fn="Arial" fh="13" fc="0" fa="1" charset="238"></text>
      <text fn="Arial" fh="13" fc="16777215" fa="1" charset="238">2</text>
      </subsup>
      <subsup>
      <text fn="Arial" fh="15" fc="16777215" fa="1" charset="238">O</text>
      <text fn="Arial" fh="13" fc="0" fa="1" charset="238"></text>
      <text fn="Arial" fh="13" fc="16777215" fa="1" charset="238">3</text>
      </subsup>
      <text fn="Arial" fh="15" fc="16777215" fa="1" charset="0">.</text>
   </par>
</scrollbox>
