﻿<?xml version="1.0" encoding="windows-1250"?>
<!-- File created by XML_Editor.ocx (RTF-XML editor-parser) v2.7 (xml) -->
<scrollbox>
   <par align="l" li="0" ri="0" iln="0">
      <text fn="Arial" fh="15" fc="16777215" fa="1" charset="0">Mendelevium is produced by bombarding einsteinium-255 with </text>
      <text fn="Symbol" fh="15" fc="16777215" fa="1" charset="2">alpha</text>
      <text fn="Arial" fh="15" fc="16777215" fa="1" charset="238">-particles, i.e. helium nuclei.</text>
   </par>
</scrollbox>
