﻿<?xml version="1.0" encoding="windows-1252"?>
<!-- File created by XML_Editor.ocx (RTF-XML editor-parser) v2.8 (xml) -->
<scrollbox>
   <par align="l" li="0" ri="0" iln="0">
      <text fn="Arial" fh="15" fc="16777215" fa="1" charset="238">Copper is a reddish-brown, malleable and ductile metal. It is an excellent conductor of heat and electricity, second only to silver. Copper is a semi-noble metal; at elevated temperatures it reacts with oxygen, sulphur, selenium, the halogens and the nitrogen group elements. Prolonged atmospheric exposure results in the formation of a thin coat of green patina. Copper reacts only with concentrated sulphuric(VI) and nitric(V) acids. Copper was known to man in prehistoric times. It was named after Cyprus (Latin </text>
      <text fn="Arial" fh="15" fc="16777215" fs="i" fa="1" charset="238">Cyprium</text>
      <text fn="Arial" fh="15" fc="16777215" fa="1" charset="238">, then modified to </text>
      <text fn="Arial" fh="15" fc="16777215" fs="i" fa="1" charset="238">cuprum</text>
      <text fn="Arial" fh="15" fc="16777215" fa="1" charset="238">), where copper was mined in ancient times.</text>
   </par>
</scrollbox>
