﻿<?xml version="1.0" encoding="windows-1252"?>
<!-- File created by XML_Editor.ocx (RTF-XML editor-parser) v2.8 (xml) -->
<scrollbox>
   <par align="l" li="0" ri="0" iln="0">
      <text fn="Arial" fh="15" fc="16777215" fa="1" charset="238">Molybdenum is a silvery-white, hard and brittle metal, a good conductor of heat and electricity. </text>
      <text fn="Arial" fh="15" fc="16777215" fa="1" charset="0">It is rather non-reactive at room temperature, but when heated, it reacts with oxygen to produce molybdenum(VI) oxide </text>
      <text fn="Arial" fh="15" fc="16777215" fa="1" charset="238">– Mo</text>
      <subsup>
      <text fn="Arial" fh="15" fc="16777215" fa="1" charset="238">O</text>
      <text fn="Arial" fh="13" fc="0" fa="1" charset="238"></text>
      <text fn="Arial" fh="15" fc="16777215" fa="1" charset="238">3</text>
      </subsup>
      <text fn="Arial" fh="15" fc="16777215" fa="1" charset="0">. Molybdenum reacts with concentrated sulphuric(VI) acid, concentrated nitric(V) acid and with </text>
      <text fn="Arial" fh="15" fc="16777215" fs="i" fa="1" charset="0">aqua regia</text>
      <text fn="Arial" fh="15" fc="16777215" fa="1" charset="0"> (a mixture of 3 parts of concentrated hydrochloric acid and 1 part of concentrated nitric(V) acid by volume). Molybdenum was discovered in 1778 by the Swedish chemist Karl Wilhelm Scheele. Its name is derived from the Greek word </text>
      <text fn="Arial" fh="15" fc="16777215" fs="i" fa="1" charset="0">molybdos</text>
      <text fn="Arial" fh="15" fc="16777215" fa="1" charset="0">, meaning ”lead”.</text>
   </par>
</scrollbox>
