﻿<?xml version="1.0" encoding="windows-1252"?>
<!-- File created by XML_Editor.ocx (RTF-XML editor-parser) v2.8 (xml) -->
<scrollbox>
   <par align="l" li="0" ri="0" iln="0">
      <text fn="Arial" fh="15" fc="16777215" fa="1" charset="238">Neon is a colourless and odourless gas. It belongs to the helium group of the periodic table, known as noble gases. Its atoms do not combine into molecules. Neon is an inert element. It occurs naturally only in air. It was discovered by the British chemists: Sir William Ramsay and Morris Travers in 1898. Its name is derived from the Greek word </text>
      <text fn="Arial" fh="15" fc="16777215" fs="i" fa="1" charset="238">neos</text>
      <text fn="Arial" fh="15" fc="16777215" fa="1" charset="238"> - ”new”.</text>
   </par>
</scrollbox>
