﻿<?xml version="1.0" encoding="windows-1252"?>
<!-- File created by XML_Editor.ocx (RTF-XML editor-parser) v2.8 (xml) -->
<scrollbox>
   <par align="l" li="0" ri="0" iln="0">
      <text fn="Arial" fh="15" fc="16777215" fa="1" charset="238">Neon is present in minute amounts in the atmosphere, constituting 1.2</text>
      <text fn="Arial" fh="15" fc="16777215" fa="1" charset="0"> · </text>
      <subsup>
      <text fn="Arial" fh="15" fc="16777215" fa="1" charset="0">10</text>
      <text fn="Arial" fh="15" fc="16777215" fa="1" charset="238">-3</text>
      </subsup>
      <text fn="Arial" fh="15" fc="16777215" fa="1" charset="0">% of air by weight and 1.8 · </text>
      <subsup>
      <text fn="Arial" fh="15" fc="16777215" fa="1" charset="0">10</text>
      <text fn="Arial" fh="15" fc="16777215" fa="1" charset="238">-3</text>
      </subsup>
      <text fn="Arial" fh="15" fc="16777215" fa="1" charset="238">% by volume. It is 5th in abundance of the gases in air. In terms of abundance in the Earth's crust it ranks 81st, making up </text>
      <text fn="Arial" fh="15" fc="16777215" fa="1" charset="0">7 · </text>
      <subsup>
      <text fn="Arial" fh="15" fc="16777215" fa="1" charset="0">10</text>
      <text fn="Arial" fh="15" fc="16777215" fa="1" charset="238">-9</text>
      </subsup>
      <text fn="Arial" fh="15" fc="16777215" fa="1" charset="0">% of the Earth's crust by weight.</text>
   </par>
</scrollbox>
