﻿<?xml version="1.0" encoding="windows-1252"?>
<!-- File created by XML_Editor.ocx (RTF-XML editor-parser) v2.8 (xml) -->
<scrollbox>
   <par align="l" li="0" ri="0" iln="0">
      <text fn="Arial" fh="15" fc="16777215" fa="1" charset="238">Neptunium is obtained as a by-product of the radioactive changes of uranium-238. It can also be prepared by the reduction of neptunium(III) fluoride – Np</text>
      <subsup>
      <text fn="Arial" fh="15" fc="16777215" fa="1" charset="238">F</text>
      <text fn="Arial" fh="13" fc="0" fa="1" charset="238"></text>
      <text fn="Arial" fh="15" fc="16777215" fa="1" charset="238">3</text>
      </subsup>
      <text fn="Arial" fh="15" fc="16777215" fa="1" charset="0"> </text>
      <text fn="Arial" fh="15" fc="16777215" fa="1" charset="238">by</text>
      <text fn="Arial" fh="15" fc="16777215" fa="1" charset="0"> barium vapour.</text>
   </par>
</scrollbox>
