﻿<?xml version="1.0" encoding="windows-1252"?>
<!-- File created by XML_Editor.ocx (RTF-XML editor-parser) v2.8 (xml) -->
<scrollbox>
   <par align="l" li="0" ri="0" iln="0">
      <text fn="Arial" fh="15" fc="16777215" fa="1" charset="238">Nickel is a silvery-white, hard and malleable metal. It exhibits ferromagnetic properties - it becomes highly magnetised in a magnetic field. For nickel the Curie point (the temperature at which an element loses its ferromagnetic properties) is found to be 357</text>
      <text fn="Symbol" fh="15" fc="16777215" fa="1" charset="2">°</text>
      <text fn="Arial" fh="15" fc="16777215" fa="1" charset="238">C. Nickel is a good conductor of heat and electricity, but its chemical reactivity is rather low. Nickel does not corrode in air. When heated, it reacts with phosphorus, arsenic, oxygen and the halogens. Nickel dissolves in acids, displacing hydrogen. The element and its compounds are toxic. Nickel was first isolated by a Swedish chemist and mineralogist, Axel Fredrik Cronstedt, in 1751. Its name is derived from the German expression </text>
      <text fn="Arial" fh="15" fc="16777215" fs="i" fa="1" charset="238">kupfernickel</text>
      <text fn="Arial" fh="15" fc="16777215" fa="1" charset="238"> - ”fake copper”.</text>
   </par>
</scrollbox>
