﻿<?xml version="1.0" encoding="windows-1252"?>
<!-- File created by XML_Editor.ocx (RTF-XML editor-parser) v2.8 (xml) -->
<scrollbox>
   <par align="l" li="0" ri="0" iln="0">
      <text fn="Arial" fh="15" fc="16777215" fa="1" charset="0">Nickel is obtained from </text>
      <text fn="Arial" fh="15" fc="16777215" fa="1" charset="238">its </text>
      <text fn="Arial" fh="15" fc="16777215" fa="1" charset="0">ores by roasting to form the oxides, which are then reduced to the metal..</text>
   </par>
</scrollbox>
