﻿<?xml version="1.0" encoding="windows-1252"?>
<!-- File created by XML_Editor.ocx (RTF-XML editor-parser) v2.8 (xml) -->
<scrollbox>
   <par align="l" li="0" ri="0" iln="0">
      <text fn="Arial" fh="15" fc="16777215" fa="1" charset="238">Niobium is obtained by the reduction of niobium(V) oxide N</text>
      <subsup>
      <text fn="Arial" fh="15" fc="16777215" fa="1" charset="238">b</text>
      <text fn="Arial" fh="13" fc="0" fa="1" charset="238"></text>
      <text fn="Arial" fh="15" fc="16777215" fa="1" charset="238">2</text>
      </subsup>
      <subsup>
      <text fn="Arial" fh="15" fc="16777215" fa="1" charset="238">O</text>
      <text fn="Arial" fh="13" fc="0" fa="1" charset="238"></text>
      <text fn="Arial" fh="15" fc="16777215" fa="1" charset="238">5</text>
      </subsup>
      <text fn="Arial" fh="15" fc="16777215" fa="1" charset="238"> by sodium and by the electrolysis of molten niobium-potassium fluoride – </text>
      <subsup>
      <text fn="Arial" fh="15" fc="16777215" fa="1" charset="238">K</text>
      <text fn="Arial" fh="13" fc="0" fa="1" charset="238"></text>
      <text fn="Arial" fh="15" fc="16777215" fa="1" charset="238">2</text>
      </subsup>
      <text fn="Arial" fh="15" fc="16777215" fa="1" charset="238">Nb</text>
      <subsup>
      <text fn="Arial" fh="15" fc="16777215" fa="1" charset="0">F</text>
      <text fn="Arial" fh="13" fc="0" fa="1" charset="238"></text>
      <text fn="Arial" fh="15" fc="16777215" fa="1" charset="0">7</text>
      </subsup>
      <text fn="Arial" fh="15" fc="16777215" fa="1" charset="0">.</text>
   </par>
   <par align="l" li="0" ri="0" iln="0">
      <text fn="Arial" fh="15" fc="16777215" fa="1" charset="0"> </text>
   </par>
   <par align="l" li="0" ri="0" iln="0">
      <text fn="Times New Roman" fh="16" fc="0" fa="1" charset="0"></text>
   </par>
   <par align="l" li="0" ri="0" iln="0">
      <text fn="Times New Roman" fh="16" fc="0" fa="1" charset="0"></text>
   </par>
</scrollbox>
