﻿<?xml version="1.0" encoding="windows-1252"?>
<!-- File created by XML_Editor.ocx (RTF-XML editor-parser) v2.8 (xml) -->
<scrollbox>
   <par align="l" li="0" ri="0" iln="0">
      <text fn="Arial" fh="15" fc="16777215" fa="1" charset="238">Lead is a grey-coloured, soft metal, a weak conductor of electricity. Slightly heated, it can be easily shaped. A freshly cut surface is silvery, but turns dull very quickly, forming a coat of oxides: lead(II) oxide - PbO  and lead(IV) oxide – Pb</text>
      <subsup>
      <text fn="Arial" fh="15" fc="16777215" fa="1" charset="238">O</text>
      <text fn="Arial" fh="13" fc="0" fa="1" charset="238"></text>
      <text fn="Arial" fh="13" fc="16777215" fa="1" charset="238">2</text>
      </subsup>
      <text fn="Arial" fh="15" fc="16777215" fa="1" charset="238">, imparting the usual grey colour to the metal surface. Lead and its compounds are poisonous. Lead is the final product of the radioactive decay of uranium, thorium and actinium. Lead is one of the most well-known metals, in use since ancient times.</text>
   </par>
</scrollbox>
