﻿<?xml version="1.0" encoding="windows-1252"?>
<!-- File created by XML_Editor.ocx (RTF-XML editor-parser) v2.8 (xml) -->
<scrollbox>
   <par align="l" li="0" ri="0" iln="0">
      <text fn="Arial" fh="15" fc="16777215" fa="1" charset="238">Osmium is a greyish-blue, hard and brittle heavy metal. It exhibits low reactivity, dissolves only in aqua regia (a mixture of 3 parts of concentrated hydrochloric acid and 1 part of concentrated nitric acid by volume). At elevated temperatures powdered osmium reacts with oxygen, producing the highly poisonous osmium(VIII) oxide – Os</text>
      <subsup>
      <text fn="Arial" fh="15" fc="16777215" fa="1" charset="238">O</text>
      <text fn="Arial" fh="13" fc="0" fa="1" charset="238"></text>
      <text fn="Arial" fh="15" fc="16777215" fa="1" charset="238">4</text>
      </subsup>
      <text fn="Arial" fh="15" fc="16777215" fa="1" charset="238">, a substance of unpleasant odour. At elevated temperatures osmium reacts also with fluorine, chlorine, sulphur and phosphorus. Osmium was discovered in 1803 by the English chemist Smithson Tennant. Its name is derived from the Greek word </text>
      <text fn="Arial" fh="15" fc="16777215" fs="i" fa="1" charset="238">osme</text>
      <text fn="Arial" fh="15" fc="16777215" fa="1" charset="238"> - odour.</text>
   </par>
</scrollbox>
