﻿<?xml version="1.0" encoding="windows-1250"?>
<!-- File created by XML_Editor.ocx (RTF-XML editor-parser) v2.7 (xml) -->
<scrollbox>
   <par align="l" li="0" ri="0" iln="0">
      <text fn="Arial" fh="15" fc="16777215" fa="1" charset="238">Palladium is often found free in nature, usually in association with platinum and other noble metals, less often in minerals, such as </text>
      <text fn="Arial" fh="15" fc="16777215" fa="1" charset="0"> braggite (Pt,Pd,Ni)S. Palladium is a rare metal. Its content in the </text>
      <text fn="Arial" fh="15" fc="16777215" fa="1" charset="238">Earth's</text>
      <text fn="Arial" fh="15" fc="16777215" fa="1" charset="0"> crust is found to be </text>
      <text fn="Arial" fh="15" fc="16777215" fa="1" charset="238"> 6 · </text>
      <subsup>
      <text fn="Arial" fh="15" fc="16777215" fa="1" charset="238">10</text>
      <text fn="Arial" fh="15" fc="16777215" fa="1" charset="238">-8</text>
      </subsup>
      <text fn="Arial" fh="15" fc="16777215" fa="1" charset="238">% by weight. It ranks 77th in abundance.</text>
   </par>
   <par align="l" li="0" ri="0" iln="0">
      <text fn="Arial" fh="15" fc="16777215" fa="1" charset="0"></text>
   </par>
   <par align="l" li="0" ri="0" iln="0">
      <text fn="Arial" fh="16" fc="0" fa="1" charset="0"></text>
   </par>
</scrollbox>
