﻿<?xml version="1.0" encoding="windows-1252"?>
<!-- File created by XML_Editor.ocx (RTF-XML editor-parser) v2.8 (xml) -->
<scrollbox>
   <par align="l" li="0" ri="0" iln="0">
      <text fn="Arial" fh="15" fc="16777215" fa="1" charset="238">Platinum is a silvery-white, fairly soft, dense metal. It is malleable and ductile. It is considered a precious metal; other precious metals are: gold, silver, iridium and palladium. It is resistant to atmospheric exposure and oxidation. Unaffected by most acids, it dissolves slowly only in aqua regia (a mixture of 3 parts of hydrochloric acid and 1 part of nitric acid by volume). Platinum has the ability to absorb gases, like oxygen or hydrogen. The element was discovered independently by a Spanish scientist, Antonio de Ulloa, in 1735 and an English metallurgist, Charles Wood, in 1741. Its name is derived from the Spanish word </text>
      <text fn="Arial" fh="15" fc="16777215" fs="i" fa="1" charset="238">platina</text>
      <text fn="Arial" fh="15" fc="16777215" fa="1" charset="238"> - ”silver”.</text>
   </par>
</scrollbox>
