﻿<?xml version="1.0" encoding="windows-1252"?>
<!-- File created by XML_Editor.ocx (RTF-XML editor-parser) v2.8 (xml) -->
<scrollbox>
   <par align="l" li="0" ri="0" iln="0">
      <text fn="Arial" fh="15" fc="16777215" fa="1" charset="238">Liquid potassium metal is used as a coolant in some nuclear reactors. Potassium chloride - KCl - is a component of fertilisers. Potassium iodide - KI - is utilised in the production of tincture of iodine. Potassium hydroxide is a reagent used for absorption of carbon dioxide and as a desiccator. Potassium chlorate(V) – KCl</text>
      <subsup>
      <text fn="Arial" fh="15" fc="16777215" fa="1" charset="238">O</text>
      <text fn="Arial" fh="13" fc="0" fa="1" charset="238"></text>
      <text fn="Arial" fh="15" fc="16777215" fa="1" charset="238">3</text>
      </subsup>
      <text fn="Arial" fh="15" fc="16777215" fa="1" charset="238"> – is used as an oxidising agent, a bactericidal agent and in pyrotechnics.  Potassium carbonate </text>
      <text fn="Arial" fh="15" fc="16777215" fa="1" charset="0">– </text>
      <subsup>
      <text fn="Arial" fh="15" fc="16777215" fa="1" charset="0">K</text>
      <text fn="Arial" fh="13" fc="0" fa="1" charset="238"></text>
      <text fn="Arial" fh="15" fc="16777215" fa="1" charset="0">2</text>
      </subsup>
      <text fn="Arial" fh="15" fc="16777215" fa="1" charset="0">C</text>
      <subsup>
      <text fn="Arial" fh="15" fc="16777215" fa="1" charset="0">O</text>
      <text fn="Arial" fh="13" fc="0" fa="1" charset="238"></text>
      <text fn="Arial" fh="15" fc="16777215" fa="1" charset="0">3</text>
      </subsup>
      <text fn="Arial" fh="15" fc="16777215" fa="1" charset="238"> – </text>
      <text fn="Arial" fh="15" fc="16777215" fa="1" charset="0">is utilised in the production of glass and soap; also as a desiccant.</text>
   </par>
</scrollbox>
