﻿<?xml version="1.0" encoding="windows-1252"?>
<!-- File created by XML_Editor.ocx (RTF-XML editor-parser) v2.8 (xml) -->
<scrollbox>
   <par align="l" li="0" ri="0" iln="0">
      <text fn="Arial" fh="15" fc="16777215" fa="1" charset="238">Praseodymium is a silvery-white, fairly soft, malleable and ductile metal belonging to the lanthanide group of metals. It is a reactive element. Praseodymium oxidises in air to produce praseodymium(III) oxide - P</text>
      <subsup>
      <text fn="Arial" fh="15" fc="16777215" fa="1" charset="238">r</text>
      <text fn="Arial" fh="13" fc="0" fa="1" charset="238"></text>
      <text fn="Arial" fh="15" fc="16777215" fa="1" charset="238">2</text>
      </subsup>
      <subsup>
      <text fn="Arial" fh="15" fc="16777215" fa="1" charset="238">O</text>
      <text fn="Arial" fh="13" fc="0" fa="1" charset="238"></text>
      <text fn="Arial" fh="15" fc="16777215" fa="1" charset="238">3</text>
      </subsup>
      <text fn="Arial" fh="15" fc="16777215" fa="1" charset="238">, in the form of a green-coloured, protective coating. In reaction with water praseodymium produces praseodymium(III) hydroxide - </text>
   </par>
   <par align="l" li="0" ri="0" iln="0">
      <text fn="Arial" fh="15" fc="16777215" fa="1" charset="238">Pr(OH</text>
      <subsup>
      <text fn="Arial" fh="15" fc="16777215" fa="1" charset="238">)</text>
      <text fn="Arial" fh="13" fc="0" fa="1" charset="238"></text>
      <text fn="Arial" fh="15" fc="16777215" fa="1" charset="238">3</text>
      </subsup>
      <text fn="Arial" fh="15" fc="16777215" fa="1" charset="238">. The element was discovered and isolated by the Austrian chemist Karl Auer von Welsbach. Its name is derived from the Greek words </text>
      <text fn="Arial" fh="15" fc="16777215" fs="i" fa="1" charset="238">prasios</text>
      <text fn="Arial" fh="15" fc="16777215" fa="1" charset="238"> - green and </text>
      <text fn="Arial" fh="15" fc="16777215" fs="i" fa="1" charset="238">didymos</text>
      <text fn="Arial" fh="15" fc="16777215" fa="1" charset="238"> - didymium (a mixture of rare-earth elements, once thought to be a single  element).</text>
   </par>
</scrollbox>
