﻿<?xml version="1.0" encoding="windows-1252"?>
<!-- File created by XML_Editor.ocx (RTF-XML editor-parser) v2.8 (xml) -->
<scrollbox>
   <par align="l" li="0" ri="0" iln="0">
      <text fn="Arial" fh="15" fc="16777215" fa="1" charset="238">Protactinium is a member of the actinide series. It is a silvery-white, radioactive and toxic metal. Its most stable isotope is  </text>
      <subsup>
      <text fn="Arial" fh="13" fc="0" fa="1" charset="238"></text>
      <text fn="Arial" fh="15" fc="16777215" fa="1" charset="238">231</text>
      </subsup>
      <text fn="Arial" fh="15" fc="16777215" fa="1" charset="238">Pa with a half-life of 32,700 years. Protactinium was discovered by a German chemist, Otto Hahn and a physicist, Lise Meitner. The name of the element is derived from the Greek words </text>
      <text fn="Arial" fh="15" fc="16777215" fs="i" fa="1" charset="238">proto</text>
      <text fn="Arial" fh="15" fc="16777215" fa="1" charset="238"> and </text>
      <text fn="Arial" fh="15" fc="16777215" fs="i" fa="1" charset="238">actinium</text>
      <text fn="Arial" fh="15" fc="16777215" fa="1" charset="238"> - the predecessor of actinium.</text>
   </par>
</scrollbox>
