﻿<?xml version="1.0" encoding="windows-1252"?>
<!-- File created by XML_Editor.ocx (RTF-XML editor-parser) v2.8 (xml) -->
<scrollbox>
   <par align="l" li="0" ri="0" iln="0">
      <text fn="Arial" fh="15" fc="16777215" fa="1" charset="0">Promethium is a product of radioactive decay of </text>
      <subsup>
      <text fn="Arial" fh="13" fc="0" fa="1" charset="238"></text>
      <text fn="Arial" fh="15" fc="16777215" fa="1" charset="0">147</text>
      </subsup>
      <text fn="Arial" fh="15" fc="16777215" fa="1" charset="0">Nd</text>
      
      <text fn="Arial" fh="15" fc="16777215" fa="1" charset="238">. Metallic promethium </text>
      <text fn="Arial" fh="15" fc="16777215" fa="1" charset="0">can</text>
      <text fn="Arial" fh="15" fc="16777215" fa="1" charset="238"> be obtained by the reduction of promethium(III) fluoride, Pm</text>
      <subsup>
      <text fn="Arial" fh="15" fc="16777215" fa="1" charset="238">F</text>
      <text fn="Arial" fh="13" fc="0" fa="1" charset="238"></text>
      <text fn="Arial" fh="15" fc="16777215" fa="1" charset="238">3</text>
      </subsup>
      <text fn="Arial" fh="15" fc="16777215" fa="1" charset="238"> using lithium. Certain amounts of promethium are found in the waste from nuclear reactors.</text>
   </par>
</scrollbox>
