﻿<?xml version="1.0" encoding="windows-1252"?>
<!-- File created by XML_Editor.ocx (RTF-XML editor-parser) v2.8 (xml) -->
<scrollbox>
   <par align="l" li="0" ri="0" iln="0">
      <text fn="Arial" fh="15" fc="16777215" fa="1" charset="238">The radioactive properties of radium are utilised in the treatment of cancer - the radiation destroys cancer tissue. The </text>
      <text fn="Symbol" fh="15" fc="16777215" fa="1" charset="2">alpha-</text>
      <text fn="Arial" fh="15" fc="16777215" fa="1" charset="238">radiation emitted by radium induces some substances, such as zinc sulphide, to glow.</text>
   </par>
</scrollbox>
