﻿<?xml version="1.0" encoding="windows-1252"?>
<!-- File created by XML_Editor.ocx (RTF-XML editor-parser) v2.8 (xml) -->
<scrollbox>
   <par align="l" li="0" ri="0" iln="0">
      <text fn="Arial" fh="15" fc="16777215" fa="1" charset="238">Radium is found in minute amounts in all uranium ores. The richest source of radium is pitchblende, but it still contains only 0.14 g of radium in 100 kg. Radium constitutes 6 </text>
      <text fn="Arial" fh="15" fc="16777215" fa="1" charset="0">· </text>
      <subsup>
      <text fn="Arial" fh="15" fc="16777215" fa="1" charset="0">10</text>
      <text fn="Arial" fh="15" fc="16777215" fa="1" charset="238">-11</text>
      </subsup>
      <text fn="Arial" fh="15" fc="16777215" fa="1" charset="238">% of the Earth's crust by weight and ranks 85th in abundance among the elements. </text>
   </par>
</scrollbox>
