﻿<?xml version="1.0" encoding="windows-1252"?>
<!-- File created by XML_Editor.ocx (RTF-XML editor-parser) v2.8 (xml) -->
<scrollbox>
   <par align="l" li="0" ri="0" iln="0">
      <text fn="Arial" fh="15" fc="16777215" fa="1" charset="238">Rhenium is a silvery-white, dense and very hard metal. Roasted rhenium becomes soft and malleable. Metallic rhenium is unaffected by oxygen, nitrogen, hydrogen and acids, including  hydrochloric acid. However, it reacts with nitric(V) acid. Rhenium begins to react with oxygen at 1000</text>
      <text fn="Symbol" fh="15" fc="16777215" fa="1" charset="2">°</text>
      <text fn="Arial" fh="15" fc="16777215" fa="1" charset="238">C to produce rhenium(VII) oxide  – R</text>
      <subsup>
      <text fn="Arial" fh="15" fc="16777215" fa="1" charset="238">e</text>
      <text fn="Arial" fh="13" fc="0" fa="1" charset="238"></text>
      <text fn="Arial" fh="15" fc="16777215" fa="1" charset="238">2</text>
      </subsup>
      <subsup>
      <text fn="Arial" fh="15" fc="16777215" fa="1" charset="238">O</text>
      <text fn="Arial" fh="13" fc="0" fa="1" charset="238"></text>
      <text fn="Arial" fh="15" fc="16777215" fa="1" charset="238">7</text>
      </subsup>
      <text fn="Arial" fh="15" fc="16777215" fa="1" charset="238">. Rhenium was discovered by the German chemists Ida and Walter Noddack and Otto Karl Berg in 1925. The existence of rhenium was predicted in 1871 by Dmitri Mendeleyev. The element was named after the river Rhine.</text>
   </par>
</scrollbox>
