﻿<?xml version="1.0" encoding="windows-1252"?>
<!-- File created by XML_Editor.ocx (RTF-XML editor-parser) v2.8 (xml) -->
<scrollbox>
   <par align="l" li="0" ri="0" iln="0">
      <text fn="Arial" fh="15" fc="16777215" fa="1" charset="238">Rhodium is a silvery-white, ductile and moderately hard metal. It is resistant to moisture, oxygen and acids, including </text>
      <text fn="Arial" fh="15" fc="16777215" fs="i" fa="1" charset="238">aqua regia</text>
      <text fn="Arial" fh="15" fc="16777215" fa="1" charset="238">. Its name is derived from the Greek word</text>
      <text fn="Arial" fh="15" fc="16777215" fs="i" fa="1" charset="238"> rhodon</text>
      <text fn="Arial" fh="15" fc="16777215" fa="1" charset="238"> - ”rose”, because its salts have a rose-red colour. Rhodium was discovered by the English chemist William Hyde Wollaston in 1803.</text>
   </par>
</scrollbox>
