﻿<?xml version="1.0" encoding="windows-1250"?>
<!-- File created by XML_Editor.ocx (RTF-XML editor-parser) v2.7 (xml) -->
<scrollbox>
   <par align="l" li="0" ri="0" iln="0">
      <text fn="Arial" fh="15" fc="16777215" fa="1" charset="238">In nature mercury is found both native and combined. Its most common mineral is cinnabar - HgS. Mercury makes up </text>
      <text fn="Arial" fh="15" fc="16777215" fa="1" charset="0">5 · </text>
      <subsup>
      <text fn="Arial" fh="15" fc="16777215" fa="1" charset="0">10</text>
      <text fn="Arial" fh="15" fc="16777215" fa="1" charset="238">-6</text>
      </subsup>
      <text fn="Arial" fh="15" fc="16777215" fa="1" charset="238">% of the Earth's crust by weight and ranks 68th in </text>
   </par>
   <par align="l" li="0" ri="0" iln="0">
      <text fn="Arial" fh="15" fc="16777215" fa="1" charset="238">abundance among the elements.</text>
   </par>
</scrollbox>
