﻿<?xml version="1.0" encoding="windows-1252"?>
<!-- File created by XML_Editor.ocx (RTF-XML editor-parser) v2.8 (xml) -->
<scrollbox>
   <par align="l" li="0" ri="0" iln="0">
      <text fn="Arial" fh="15" fc="16777215" fa="1" charset="238">Rubidium is a silvery-white, very soft and light metal, a good conductor of electricity. Rubidium and its compounds impart a violet colour to a flame. Rubidium is very reactive and has to be stored in kerosene. A freshly cut surface is lustrous. On contact with air rubidium ignites spontaneously to produce rubidium oxide  – R</text>
      <subsup>
      <text fn="Arial" fh="15" fc="16777215" fa="1" charset="238">b</text>
      <text fn="Arial" fh="13" fc="0" fa="1" charset="238"></text>
      <text fn="Arial" fh="15" fc="16777215" fa="1" charset="238">2</text>
      </subsup>
      <text fn="Arial" fh="15" fc="16777215" fa="1" charset="238">O. It reacts violently with water, displacing hydrogen. Its name is derived from the Latin word </text>
      <text fn="Arial" fh="15" fc="16777215" fs="i" fa="1" charset="238">rubidus</text>
      <text fn="Arial" fh="15" fc="16777215" fa="1" charset="238"> - dark red. Rubidium was discovered in 1860 by German scientists: the chemist Robert Wilhelm Bunsen and physicist Gustav Robert Kirchhoff.</text>
   </par>
</scrollbox>
