﻿<?xml version="1.0" encoding="windows-1252"?>
<!-- File created by XML_Editor.ocx (RTF-XML editor-parser) v2.8 (xml) -->
<scrollbox>
   <par align="l" li="0" ri="0" iln="0">
      <text fn="Arial" fh="15" fc="16777215" fa="1" charset="238">Samarium is a bluish-grey, hard and brittle metal, belonging to the lanthanide series. It becomes passive in air by forming a layer of samarium(III) oxide – S</text>
      <subsup>
      <text fn="Arial" fh="15" fc="16777215" fa="1" charset="238">m</text>
      <text fn="Arial" fh="13" fc="0" fa="1" charset="238"></text>
      <text fn="Arial" fh="15" fc="16777215" fa="1" charset="238">2</text>
      </subsup>
      <subsup>
      <text fn="Arial" fh="15" fc="16777215" fa="1" charset="238">O</text>
      <text fn="Arial" fh="13" fc="0" fa="1" charset="238"></text>
      <text fn="Arial" fh="15" fc="16777215" fa="1" charset="238">3</text>
      </subsup>
      <text fn="Arial" fh="15" fc="16777215" fa="1" charset="238">. At elevated temperatures (150</text>
      <text fn="Symbol" fh="15" fc="16777215" fa="1" charset="2">°</text>
      <text fn="Arial" fh="15" fc="16777215" fa="1" charset="238">C) samarium ignites in air. It displaces hydrogen from acids. Salts of samarium are usually yellow-coloured, but a few of them are dark brown. Samarium was discovered in 1879 by the French chemist Lecoq de Boisbaudran. The element was named after the mineral samarskite, which in turn was named in honour of W. Samarski, a mining engineer.</text>
   </par>
</scrollbox>
