﻿<?xml version="1.0" encoding="windows-1252"?>
<!-- File created by XML_Editor.ocx (RTF-XML editor-parser) v2.8 (xml) -->
<scrollbox>
   <par align="l" li="0" ri="0" iln="0">
      <text fn="Arial" fh="15" fc="16777215" fa="1" charset="238">Selenium is found in nature only in minute amounts. Its compounds occur mostly as impurities in ores of other elements, chiefly sulphide minerals. Selenium ores are very rare. The mineral eucairite CuAgSe is the only mineral which is fairly rich in selenium. Selenium makes up </text>
      <text fn="Arial" fh="15" fc="16777215" fa="1" charset="0"> 5 · </text>
      <subsup>
      <text fn="Arial" fh="15" fc="16777215" fa="1" charset="0">10</text>
      <text fn="Arial" fh="15" fc="16777215" fa="1" charset="238">-6</text>
      </subsup>
      <text fn="Arial" fh="15" fc="16777215" fa="1" charset="238">% of the Earth's crust by weight, and ranks 67th for abundance among the elements found in the Earth's crust.</text>
   </par>
</scrollbox>
