﻿<?xml version="1.0" encoding="windows-1252"?>
<!-- File created by XML_Editor.ocx (RTF-XML editor-parser) v2.8 (xml) -->
<scrollbox>
   <par align="l" li="0" ri="0" iln="0">
      <text fn="Arial" fh="15" fc="16777215" fa="1" charset="238">Selenium is found in several allotropic forms; there is a grey metallic form and a red vitreous (glassy) form. Grey selenium is a semi-conductor; its electrical conductivity is low in the dark, but increases rapidly when exposed to light. The element is reactive, it burns in air with a blue flame to produce selenium(IV) oxide – Se</text>
      <subsup>
      <text fn="Arial" fh="15" fc="16777215" fa="1" charset="238">O</text>
      <text fn="Arial" fh="13" fc="0" fa="1" charset="238"></text>
      <text fn="Arial" fh="15" fc="16777215" fa="1" charset="238">2</text>
      </subsup>
      <text fn="Arial" fh="15" fc="16777215" fa="1" charset="238">. Selenium also reacts with the halogens. It reacts with hydrogen to produce hydrogen selenide  – </text>
      <subsup>
      <text fn="Arial" fh="15" fc="16777215" fa="1" charset="238">H</text>
      <text fn="Arial" fh="13" fc="0" fa="1" charset="238"></text>
      <text fn="Arial" fh="15" fc="16777215" fa="1" charset="238">2</text>
      </subsup>
      <text fn="Arial" fh="15" fc="16777215" fa="1" charset="238">Se. Selenium and its compounds are toxic. Selenium was discovered in 1818 by the Swedish chemist Jöns Jacob Berzelius. Its name is derived from the Greek word </text>
      <text fn="Arial" fh="15" fc="16777215" fs="i" fa="1" charset="238">selene</text>
      <text fn="Arial" fh="15" fc="16777215" fa="1" charset="238"> - ”Moon”.</text>
   </par>
</scrollbox>
