﻿<?xml version="1.0" encoding="windows-1252"?>
<!-- File created by XML_Editor.ocx (RTF-XML editor-parser) v2.8 (xml) -->
<scrollbox>
   <par align="l" li="0" ri="0" iln="0">
      <text fn="Arial" fh="15" fc="16777215" fa="1" charset="238">In nature sulphur occurs both native and combined, chiefly as sulphides (</text>
      <subsup>
      <text fn="Arial" fh="15" fc="16777215" fa="1" charset="238">S</text>
      <text fn="Arial" fh="15" fc="16777215" fa="1" charset="238">2-</text>
      </subsup>
      <text fn="Arial" fh="15" fc="16777215" fa="1" charset="0">) and sulphates </text>
      <subsup>
      <text fn="Arial" fh="15" fc="16777215" fa="1" charset="0">(SO</text>
      <text fn="Arial" fh="13" fc="0" fa="1" charset="238"></text>
      <text fn="Arial" fh="15" fc="16777215" fa="1" charset="0">4</text>
      </subsup>
      <subsup>
      <text fn="Arial" fh="15" fc="16777215" fa="1" charset="0"></text>
      <text fn="Arial" fh="15" fc="16777215" fa="1" charset="238">2-</text>
      </subsup>
      <text fn="Arial" fh="15" fc="16777215" fa="1" charset="238">). </text>
      <text fn="Arial" fh="15" fc="16777215" fa="1" charset="0">Sulphur is a component of animal and vegetable proteins and is present in deposits of coal, oil and natural gas. Sulphur ranks 17th in abundance among the elements; its content in the </text>
      <text fn="Arial" fh="15" fc="16777215" fa="1" charset="238">Earth's</text>
      <text fn="Arial" fh="15" fc="16777215" fa="1" charset="0"> crust is found to be 0.026% by weight.</text>
   </par>
</scrollbox>
