﻿<?xml version="1.0" encoding="windows-1252"?>
<!-- File created by XML_Editor.ocx (RTF-XML editor-parser) v2.8 (xml) -->
<scrollbox>
   <par align="l" li="0" ri="0" iln="0">
      <text fn="Arial" fh="15" fc="16777215" fa="1" charset="238">Sulphur was known as early as ancient times. It was used for fumigation, to repel evil spirits and diseases and to combat misfortune. It was recognised as an element by Antoine Laurent Lavoisier in 1777. Sulphur is a yellow, brittle non-metal, usually found in the form of a solid crystalline mass; it is tasteless, but has a faint, characteristic odour. It is flammable. The most serious danger for the environment is sulphur dioxide (S</text>
      <subsup>
      <text fn="Arial" fh="15" fc="16777215" fa="1" charset="238">O</text>
      <text fn="Arial" fh="13" fc="0" fa="1" charset="238"></text>
      <text fn="Arial" fh="15" fc="16777215" fa="1" charset="238">2</text>
      </subsup>
      <text fn="Arial" fh="15" fc="16777215" fa="1" charset="238">). This compound is formed as a result of the combustion of coal and petroleum products, which usually contain sulphur compounds as impurities. The gas is liberated into the air, where it combines with water vapour to produce acids, falling to the ground as the so-called </text>
      <text fn="Arial" fh="15" fc="16777215" fs="i" fa="1" charset="238">acid rain</text>
      <text fn="Arial" fh="15" fc="16777215" fa="1" charset="238">. </text>
   </par>
</scrollbox>
