﻿<?xml version="1.0" encoding="windows-1250"?>
<!-- File created by XML_Editor.ocx (RTF-XML editor-parser) v2.6 (xml) -->
<scrollbox>
   <par align="l" li="0" ri="0" iln="0">
      <subsup>
      <text fn="Arial" fh="13" fc="0" fa="1" charset="238"></text>
      <text fn="Arial" fh="16" fc="1163500" fs="b" fa="1" charset="0">32</text>
      </subsup>
      <text fn="Arial" fh="16" fc="1163500" fs="b" fa="1" charset="238">S   </text>
   </par>
   <par align="l" li="0" ri="0" iln="0">
      <subsup>
      <text fn="Arial" fh="13" fc="0" fa="1" charset="238"></text>
      <text fn="Arial" fh="16" fc="1163500" fs="b" fa="1" charset="238">33</text>
      </subsup>
      <text fn="Arial" fh="16" fc="1163500" fs="b" fa="1" charset="238">S  </text>
      <text fn="Arial" fh="16" fc="255" fs="b" fa="1" charset="238"> </text>
   </par>
   <par align="l" li="0" ri="0" iln="0">
      <subsup>
      <text fn="Arial" fh="13" fc="0" fa="1" charset="238"></text>
      <text fn="Arial" fh="16" fc="1163500" fs="b" fa="1" charset="238">34</text>
      </subsup>
      <text fn="Arial" fh="16" fc="1163500" fs="b" fa="1" charset="238">S   </text>
   </par>
   <par align="l" li="0" ri="0" iln="0">
      <subsup>
      <text fn="Arial" fh="13" fc="0" fa="1" charset="238"></text>
      <text fn="Arial" fh="16" fc="1163500" fs="b" fa="1" charset="238">36</text>
      </subsup>
      <text fn="Arial" fh="16" fc="1163500" fs="b" fa="1" charset="238">S</text>
      <text fn="Arial" fh="16" fc="1163500" fs="b" fa="1" charset="238">   </text>
   </par>
</scrollbox>
