﻿<?xml version="1.0" encoding="windows-1252"?>
<!-- File created by XML_Editor.ocx (RTF-XML editor-parser) v2.8 (xml) -->
<scrollbox>
   <par align="l" li="0" ri="0" iln="0">
      <text fn="Arial" fh="15" fc="16777215" fa="1" charset="238">The sulphur found in nature is usually mined by the open-pit method. Another method, known as the Frasch process, involves underground melting of sulphur by superheated steam and pumping it with compressed air to the surface. Another source of sulphur is hydrogen sulphide (</text>
      <subsup>
      <text fn="Arial" fh="15" fc="16777215" fa="1" charset="238">H</text>
      <text fn="Arial" fh="13" fc="0" fa="1" charset="238"></text>
      <text fn="Arial" fh="15" fc="16777215" fa="1" charset="238">2</text>
      </subsup>
      <text fn="Arial" fh="15" fc="16777215" fa="1" charset="238">S), occurring free in nature or produced in industrial processes. The products of the catalytic oxidation of hydrogen sulphide are sulphur and water. Sulphur can also be obtained by the reduction of sulphur dioxide in the presence of carbon (coke) or carbon monoxide (CO) as reducing agents. </text>
   </par>
   
</scrollbox>
