﻿<?xml version="1.0" encoding="windows-1252"?>
<!-- File created by XML_Editor.ocx (RTF-XML editor-parser) v2.8 (xml) -->
<scrollbox>
   <par align="l" li="0" ri="0" iln="0">
      <text fn="Arial" fh="15" fc="16777215" fa="1" charset="238">Liquid sodium has an application as a coolant in nuclear reactors. It is also utilised in sodium vapour lamps - sodium vapours, when induced by electric discharges, give off a characteristic yellow-orange light.</text>
   </par>
   <par align="l" li="0" ri="0" iln="0">
      <text fn="Arial" fh="15" fc="16777215" fa="1" charset="238">Metallic sodium is used in the synthesis of many important compounds, like sodium cyanide - NaCN. Sodium is also used as a reducing agent for some organic compounds.</text>
   </par>
</scrollbox>
