﻿<?xml version="1.0" encoding="windows-1252"?>
<!-- File created by XML_Editor.ocx (RTF-XML editor-parser) v2.8 (xml) -->
<scrollbox>
   <par align="l" li="0" ri="0" iln="0">
      <text fn="Arial" fh="15" fc="16777215" fa="1" charset="238">Sodium occurs naturally only in the combined state, as compounds. The compound present above all in the water of the seas and oceans is sodium chloride - NaCl - at a  concentration of about 2.8%. Certain sodium compounds, like sodium chloride (rock salt, NaCl), sodium nitrate(V) (Chile saltpetre, </text>
      <text fn="Arial" fh="15" fc="16777215" fa="1" charset="0">NaN</text>
      <subsup>
      <text fn="Arial" fh="15" fc="16777215" fa="1" charset="0">O</text>
      <text fn="Arial" fh="13" fc="0" fa="1" charset="238"></text>
      <text fn="Arial" fh="15" fc="16777215" fa="1" charset="0">3</text>
      </subsup>
      <text fn="Arial" fh="15" fc="16777215" fa="1" charset="0">)</text>
      <text fn="Arial" fh="15" fc="16777215" fa="1" charset="238"> </text>
      <text fn="Arial" fh="15" fc="16777215" fa="1" charset="0"> or cryolite (sodium-aluminium fluoride, </text>
      <subsup>
      <text fn="Arial" fh="15" fc="16777215" fa="1" charset="0">Na</text>
      <text fn="Arial" fh="13" fc="0" fa="1" charset="238"></text>
      <text fn="Arial" fh="15" fc="16777215" fa="1" charset="0">3</text>
      </subsup>
      <text fn="Arial" fh="15" fc="16777215" fa="1" charset="0">Al</text>
      <subsup>
      <text fn="Arial" fh="15" fc="16777215" fa="1" charset="0">F</text>
      <text fn="Arial" fh="13" fc="0" fa="1" charset="238"></text>
      <text fn="Arial" fh="15" fc="16777215" fa="1" charset="0">6</text>
      </subsup>
      <text fn="Arial" fh="15" fc="16777215" fa="1" charset="0">) form rich mineral deposits. Sodium is the 6th most abundant element, constituting 2.3% of the Earth's crust by weight. </text>
   </par>
</scrollbox>
