﻿<?xml version="1.0" encoding="windows-1252"?>
<!-- File created by XML_Editor.ocx (RTF-XML editor-parser) v2.8 (xml) -->
<scrollbox>
   <par align="l" li="0" ri="0" iln="0">
      <text fn="Arial" fh="15" fc="16777215" fa="1" charset="238">Silver occurs naturally both native and in the combined state. The most important minerals of silver are: argentite – A</text>
      <subsup>
      <text fn="Arial" fh="15" fc="16777215" fa="1" charset="238">g</text>
      <text fn="Arial" fh="13" fc="0" fa="1" charset="238"></text>
      <text fn="Arial" fh="15" fc="16777215" fa="1" charset="238">2</text>
      </subsup>
      <text fn="Arial" fh="15" fc="16777215" fa="1" charset="238">S and chlorargyrite – AgCl. Small amounts of silver are also found in the ores of other metals, such as lead or copper. Silver ranks 66th in abundance, making up</text>
      <text fn="Arial" fh="15" fc="16777215" fa="1" charset="0"> 7 · </text>
      <subsup>
      <text fn="Arial" fh="15" fc="16777215" fa="1" charset="0">10</text>
      <text fn="Arial" fh="15" fc="16777215" fa="1" charset="238">-6</text>
      </subsup>
      <text fn="Arial" fh="15" fc="16777215" fa="1" charset="0">% </text>
      <text fn="Arial" fh="15" fc="16777215" fa="1" charset="238"> of the Earth's crust by weight.</text>
   </par>
</scrollbox>
