﻿<?xml version="1.0" encoding="windows-1252"?>
<!-- File created by XML_Editor.ocx (RTF-XML editor-parser) v2.8 (xml) -->
<scrollbox>
   <par align="l" li="0" ri="0" iln="0">
      <text fn="Arial" fh="15" fc="16777215" fa="1" charset="0">Thallium occurs naturally only in the combined state, chiefly as an impurity in zinc, iron and chromium ores. It ranks 59th in terms of abundance, making up </text>
      <text fn="Arial" fh="15" fc="16777215" fa="1" charset="238">6 · </text>
      <subsup>
      <text fn="Arial" fh="15" fc="16777215" fa="1" charset="238">10</text>
      <text fn="Arial" fh="15" fc="16777215" fa="1" charset="238">-5</text>
      </subsup>
      <text fn="Arial" fh="15" fc="16777215" fa="1" charset="0">% </text>
      <text fn="Arial" fh="15" fc="16777215" fa="1" charset="238">of the Earth's crust by weight.</text>
   </par>
</scrollbox>
