﻿<?xml version="1.0" encoding="windows-1252"?>
<!-- File created by XML_Editor.ocx (RTF-XML editor-parser) v2.8 (xml) -->
<scrollbox>
   <par align="l" li="0" ri="0" iln="0">
      <text fn="Arial" fh="15" fc="16777215" fa="1" charset="0">Tantalum is obtained by the reduction of tantalum(V) oxide </text>
      <text fn="Arial" fh="15" fc="16777215" fa="1" charset="238">– T</text>
      <subsup>
      <text fn="Arial" fh="15" fc="16777215" fa="1" charset="238">a</text>
      <text fn="Arial" fh="13" fc="0" fa="1" charset="238"></text>
      <text fn="Arial" fh="15" fc="16777215" fa="1" charset="238">2</text>
      </subsup>
      <subsup>
      <text fn="Arial" fh="15" fc="16777215" fa="1" charset="238">O</text>
      <text fn="Arial" fh="13" fc="0" fa="1" charset="238"></text>
      <text fn="Arial" fh="15" fc="16777215" fa="1" charset="238">5</text>
      </subsup>
      <text fn="Arial" fh="15" fc="16777215" fa="1" charset="238"> – by carbon or by a more active metal.</text>
   </par>
</scrollbox>
