﻿{"frames": {

"biker0000":
{
	"frame": {"x":2,"y":2,"w":73,"h":153},
	"rotated": false,
	"trimmed": false,
	"spriteSourceSize": {"x":0,"y":0,"w":73,"h":153},
	"sourceSize": {"w":73,"h":153}
},
"biker0001":
{
	"frame": {"x":77,"y":2,"w":73,"h":153},
	"rotated": false,
	"trimmed": false,
	"spriteSourceSize": {"x":0,"y":0,"w":73,"h":153},
	"sourceSize": {"w":73,"h":153}
},
"biker0002":
{
	"frame": {"x":152,"y":2,"w":73,"h":153},
	"rotated": false,
	"trimmed": false,
	"spriteSourceSize": {"x":0,"y":0,"w":73,"h":153},
	"sourceSize": {"w":73,"h":153}
},
"biker0003":
{
	"frame": {"x":227,"y":2,"w":73,"h":153},
	"rotated": false,
	"trimmed": false,
	"spriteSourceSize": {"x":0,"y":0,"w":73,"h":153},
	"sourceSize": {"w":73,"h":153}
},
"biker0004":
{
	"frame": {"x":302,"y":2,"w":73,"h":153},
	"rotated": false,
	"trimmed": false,
	"spriteSourceSize": {"x":0,"y":0,"w":73,"h":153},
	"sourceSize": {"w":73,"h":153}
},
"biker0005":
{
	"frame": {"x":377,"y":2,"w":73,"h":153},
	"rotated": false,
	"trimmed": false,
	"spriteSourceSize": {"x":0,"y":0,"w":73,"h":153},
	"sourceSize": {"w":73,"h":153}
},
"biker0006":
{
	"frame": {"x":452,"y":2,"w":73,"h":153},
	"rotated": false,
	"trimmed": false,
	"spriteSourceSize": {"x":0,"y":0,"w":73,"h":153},
	"sourceSize": {"w":73,"h":153}
},
"biker0007":
{
	"frame": {"x":527,"y":2,"w":73,"h":153},
	"rotated": false,
	"trimmed": false,
	"spriteSourceSize": {"x":0,"y":0,"w":73,"h":153},
	"sourceSize": {"w":73,"h":153}
},
"biker0008":
{
	"frame": {"x":602,"y":2,"w":73,"h":153},
	"rotated": false,
	"trimmed": false,
	"spriteSourceSize": {"x":0,"y":0,"w":73,"h":153},
	"sourceSize": {"w":73,"h":153}
},
"biker0009":
{
	"frame": {"x":677,"y":2,"w":73,"h":153},
	"rotated": false,
	"trimmed": false,
	"spriteSourceSize": {"x":0,"y":0,"w":73,"h":153},
	"sourceSize": {"w":73,"h":153}
},
"biker0010":
{
	"frame": {"x":2,"y":157,"w":73,"h":153},
	"rotated": false,
	"trimmed": false,
	"spriteSourceSize": {"x":0,"y":0,"w":73,"h":153},
	"sourceSize": {"w":73,"h":153}
},
"biker0011":
{
	"frame": {"x":77,"y":157,"w":73,"h":153},
	"rotated": false,
	"trimmed": false,
	"spriteSourceSize": {"x":0,"y":0,"w":73,"h":153},
	"sourceSize": {"w":73,"h":153}
},
"biker0012":
{
	"frame": {"x":152,"y":157,"w":73,"h":153},
	"rotated": false,
	"trimmed": false,
	"spriteSourceSize": {"x":0,"y":0,"w":73,"h":153},
	"sourceSize": {"w":73,"h":153}
},
"biker0013":
{
	"frame": {"x":227,"y":157,"w":73,"h":153},
	"rotated": false,
	"trimmed": false,
	"spriteSourceSize": {"x":0,"y":0,"w":73,"h":153},
	"sourceSize": {"w":73,"h":153}
},
"biker0014":
{
	"frame": {"x":302,"y":157,"w":73,"h":153},
	"rotated": false,
	"trimmed": false,
	"spriteSourceSize": {"x":0,"y":0,"w":73,"h":153},
	"sourceSize": {"w":73,"h":153}
},
"biker0015":
{
	"frame": {"x":377,"y":157,"w":73,"h":153},
	"rotated": false,
	"trimmed": false,
	"spriteSourceSize": {"x":0,"y":0,"w":73,"h":153},
	"sourceSize": {"w":73,"h":153}
},
"biker0016":
{
	"frame": {"x":452,"y":157,"w":73,"h":153},
	"rotated": false,
	"trimmed": false,
	"spriteSourceSize": {"x":0,"y":0,"w":73,"h":153},
	"sourceSize": {"w":73,"h":153}
},
"biker0017":
{
	"frame": {"x":527,"y":157,"w":73,"h":153},
	"rotated": false,
	"trimmed": false,
	"spriteSourceSize": {"x":0,"y":0,"w":73,"h":153},
	"sourceSize": {"w":73,"h":153}
},
"biker0018":
{
	"frame": {"x":602,"y":157,"w":73,"h":153},
	"rotated": false,
	"trimmed": false,
	"spriteSourceSize": {"x":0,"y":0,"w":73,"h":153},
	"sourceSize": {"w":73,"h":153}
},
"biker0019":
{
	"frame": {"x":677,"y":157,"w":73,"h":153},
	"rotated": false,
	"trimmed": false,
	"spriteSourceSize": {"x":0,"y":0,"w":73,"h":153},
	"sourceSize": {"w":73,"h":153}
},
"biker0020":
{
	"frame": {"x":2,"y":312,"w":73,"h":153},
	"rotated": false,
	"trimmed": false,
	"spriteSourceSize": {"x":0,"y":0,"w":73,"h":153},
	"sourceSize": {"w":73,"h":153}
},
"biker0021":
{
	"frame": {"x":77,"y":312,"w":73,"h":153},
	"rotated": false,
	"trimmed": false,
	"spriteSourceSize": {"x":0,"y":0,"w":73,"h":153},
	"sourceSize": {"w":73,"h":153}
},
"biker0022":
{
	"frame": {"x":152,"y":312,"w":73,"h":153},
	"rotated": false,
	"trimmed": false,
	"spriteSourceSize": {"x":0,"y":0,"w":73,"h":153},
	"sourceSize": {"w":73,"h":153}
},
"biker0023":
{
	"frame": {"x":227,"y":312,"w":73,"h":153},
	"rotated": false,
	"trimmed": false,
	"spriteSourceSize": {"x":0,"y":0,"w":73,"h":153},
	"sourceSize": {"w":73,"h":153}
},
"biker0024":
{
	"frame": {"x":302,"y":312,"w":73,"h":153},
	"rotated": false,
	"trimmed": false,
	"spriteSourceSize": {"x":0,"y":0,"w":73,"h":153},
	"sourceSize": {"w":73,"h":153}
},
"biker0025":
{
	"frame": {"x":377,"y":312,"w":73,"h":153},
	"rotated": false,
	"trimmed": false,
	"spriteSourceSize": {"x":0,"y":0,"w":73,"h":153},
	"sourceSize": {"w":73,"h":153}
},
"biker0026":
{
	"frame": {"x":452,"y":312,"w":73,"h":153},
	"rotated": false,
	"trimmed": false,
	"spriteSourceSize": {"x":0,"y":0,"w":73,"h":153},
	"sourceSize": {"w":73,"h":153}
},
"biker0027":
{
	"frame": {"x":527,"y":312,"w":73,"h":153},
	"rotated": false,
	"trimmed": false,
	"spriteSourceSize": {"x":0,"y":0,"w":73,"h":153},
	"sourceSize": {"w":73,"h":153}
}},
"meta": {
	"app": "Adobe Flash CS6",
	"version": "12.0.2.529",
	"image": "biker.png",
	"format": "RGB8",
	"size": {"w":800,"h":480},
	"scale": "1"
}
}
