﻿<?xml version="1.0" encoding="windows-1252"?>
<!-- File created by XML_Editor.ocx (RTF-XML editor-parser) v2.8 (xml) -->
<scrollbox>
   <par align="l" li="0" ri="0" iln="0">
      <text fn="Arial" fh="15" fc="16777215" fa="1" charset="238">Argon occurs naturally only as a constituent of air. It constitutes 0.93% of air by volume.  In respect of abundance it occupies 56th place among all the elements and constitutes 1.2 · </text>
      <subsup>
      <text fn="Arial" fh="15" fc="16777215" fa="1" charset="238">10</text>
      <text fn="Arial" fh="15" fc="16777215" fa="1" charset="238">-4</text>
      </subsup>
      <text fn="Arial" fh="15" fc="16777215" fa="1" charset="0">% of the Earth's crust by weight.</text>
   </par>
</scrollbox>
