﻿<?xml version="1.0" encoding="windows-1252"?>
<!-- File created by XML_Editor.ocx (RTF-XML editor-parser) v2.8 (xml) -->
<scrollbox>
   <par align="l" li="0" ri="0" iln="0">
      <text fn="Arial" fh="15" fc="16777215" fa="1" charset="238">Arsenic is a metalloid. It occurs in several allotropic forms, the most stable being grey arsenic. It is brittle, exhibits metallic lustre; is a weak conductor of heat and electricity, insoluble in water. The other two forms - yellow and black arsenic - are unstable crystalline substances. When heated, arsenic burns with a blue flame to produce arsenic(III) oxide – A</text>
      <subsup>
      <text fn="Arial" fh="15" fc="16777215" fa="1" charset="238">s</text>
      <text fn="Arial" fh="13" fc="0" fa="1" charset="238"></text>
      <text fn="Arial" fh="15" fc="16777215" fa="1" charset="238">2</text>
      </subsup>
      <subsup>
      <text fn="Arial" fh="15" fc="16777215" fa="1" charset="0">O</text>
      <text fn="Arial" fh="13" fc="0" fa="1" charset="238"></text>
      <text fn="Arial" fh="15" fc="16777215" fa="1" charset="0">3</text>
      </subsup>
      <text fn="Arial" fh="15" fc="16777215" fa="1" charset="0">. In the reaction with chlorine, arsenic(III) chloride – AsC</text>
      <subsup>
      <text fn="Arial" fh="15" fc="16777215" fa="1" charset="0">l</text>
      <text fn="Arial" fh="13" fc="0" fa="1" charset="238"></text>
      <text fn="Arial" fh="15" fc="16777215" fa="1" charset="0">3</text>
      </subsup>
      <text fn="Arial" fh="15" fc="16777215" fa="1" charset="238"> - is formed. Arsenic and its compounds are poisonous. The name of the element is derived from the Latin word </text>
      <text fn="Arial" fh="15" fc="16777215" fs="i" fa="1" charset="0">arsenicum. </text>
      <text fn="Arial" fh="15" fc="16777215" fa="1" charset="238"> The element was discovered most probably by the alchemist Alberts Magnus in 1250.</text>
   </par>
   <par align="l" li="0" ri="0" iln="0">
      <text fn="Arial" fh="15" fc="16777215" fa="1" charset="0"></text>
   </par>
</scrollbox>
