﻿<?xml version="1.0" encoding="windows-1252"?>
<!-- File created by XML_Editor.ocx (RTF-XML editor-parser) v2.8 (xml) -->
<scrollbox>
   <par align="l" li="0" ri="0" iln="0">
      <text fn="Arial" fh="15" fc="16777215" fa="1" charset="238">Astatine is a radioactive element. It is a solid, soluble in organic solvents. Similar to other fluorine group elements, it is a non-metal, although it exhibits certain metallic properties. All its isotopes have very short half-lives; the most stable one </text>
   </par>
   <par align="l" li="0" ri="0" iln="0">
      <text fn="Arial" fh="15" fc="16777215" fa="1" charset="238">- </text>
      <subsup>
      <text fn="Arial" fh="13" fc="0" fa="1" charset="238"></text>
      <text fn="Arial" fh="15" fc="16777215" fa="1" charset="238">210</text>
      </subsup>
      <text fn="Arial" fh="15" fc="16777215" fa="1" charset="238">At – is found to be 8 hours. The least stable is the </text>
      <subsup>
      <text fn="Arial" fh="13" fc="0" fa="1" charset="238"></text>
      <text fn="Arial" fh="15" fc="16777215" fa="1" charset="238">213</text>
      </subsup>
      <text fn="Arial" fh="15" fc="16777215" fa="1" charset="238">At isotope. Astatine is carcinogenic; it accumulates predominantly in the thyroid. Obtained in 1940 by the American scientists: </text>
      <text fn="Arial" fh="15" fc="16777215" fa="1" charset="0"> D.R. Corson, K.R. MacKenzie and E. Segrč by the bombardment of bismuth with </text>
      <text fn="Symbol" fh="15" fc="16777215" fa="1" charset="2">a</text>
      <text fn="Arial" fh="15" fc="16777215" fa="1" charset="238"> -particles (helium nuclei). The name of the element is derived from the Greeek word </text>
      <text fn="Arial" fh="15" fc="16777215" fs="i" fa="1" charset="0">astatos</text>
      <text fn="Arial" fh="15" fc="16777215" fa="1" charset="238"> – unstable.</text>
   </par>
   <par align="l" li="0" ri="0" iln="0">
      <text fn="Arial" fh="15" fc="0" fa="1" charset="0"></text>
   </par>
   <par align="l" li="0" ri="0" iln="0">
      <text fn="Arial" fh="15" fc="0" fa="1" charset="0"></text>
   </par>
   <par align="l" li="0" ri="0" iln="0">
      <text fn="Arial" fh="15" fc="16777215" fa="1" charset="238"> </text>
   </par>
</scrollbox>
