﻿<?xml version="1.0" encoding="windows-1250"?>
<!-- File created by XML_Editor.ocx (RTF-XML editor-parser) v2.7 (xml) -->
<scrollbox>
   <par align="l" li="0" ri="0" iln="0">
      <text fn="Arial" fh="15" fc="16777215" fa="1" charset="238">Nitrogen is a colourless, odourless and harmless gas. It makes up 78% of air by volume. Under normal conditions it forms diatomic molecules </text>
      <subsup>
      <text fn="Arial" fh="15" fc="16777215" fa="1" charset="238">N</text>
      <text fn="Arial" fh="13" fc="0" fa="1" charset="238"></text>
      <text fn="Arial" fh="15" fc="16777215" fa="1" charset="238">2</text>
      </subsup>
      <text fn="Arial" fh="15" fc="16777215" fa="1" charset="238">. Nitrogen was discovered in 1772 by an English physicist Daniel Rutherford, who called it ”bad air”. </text>
      <text fn="Arial" fh="15" fc="16777215" fa="1" charset="0"> In</text>
      <text fn="Arial" fh="15" fc="16777215" fa="1" charset="238"> 1776 nitrogen was recognised as an element by the French chemist, Antoine Laurent Lavoisier</text>
      <text fn="Arial" fh="15" fc="16777215" fa="1" charset="0">.</text>
   </par>
</scrollbox>
