﻿<?xml version="1.0" encoding="windows-1252"?>
<!-- File created by XML_Editor.ocx (RTF-XML editor-parser) v2.8 (xml) -->
<scrollbox>
   <par align="l" li="0" ri="0" iln="0">
      <text fn="Arial" fh="15" fc="16777215" fa="1" charset="238">Barium is added to bearing alloys. Barium sulphate -  BaSO</text>
      <subsup>
      <text fn="Arial" fh="13" fc="0" fa="1" charset="238"></text>
      <text fn="Arial" fh="13" fc="0" fa="1" charset="238"></text>
      <text fn="Arial" fh="15" fc="16777215" fa="1" charset="0">4</text>
      </subsup>
      <text fn="Arial" fh="15" fc="16777215" fa="1" charset="238"> - is used </text>
      <text fn="Arial" fh="15" fc="16777215" fa="1" charset="0">as an opaque medium in the</text>
      <text fn="Arial" fh="15" fc="16777215" fa="1" charset="238"> </text>
      <text fn="Arial" fh="15" fc="16777215" fa="1" charset="0">X-ray examination of the gastrointestinal tract ('barium meals').  </text>
      <text fn="Arial" fh="15" fc="16777215" fa="1" charset="238">This compound is also used as a filler in the rubber and paper industry.  </text>
      <text fn="Arial" fh="15" fc="16777215" fa="1" charset="0">Barium nitrate(V)  - Ba(NO</text>
      <subsup>
      <text fn="Arial" fh="13" fc="0" fa="1" charset="238"></text>
      <text fn="Arial" fh="13" fc="0" fa="1" charset="238"></text>
      <text fn="Arial" fh="15" fc="16777215" fa="1" charset="0">3</text>
      </subsup>
      <text fn="Arial" fh="15" fc="16777215" fa="1" charset="0">)</text>
      <subsup>
      <text fn="Arial" fh="13" fc="0" fa="1" charset="238"></text>
      <text fn="Arial" fh="13" fc="0" fa="1" charset="238"></text>
      <text fn="Arial" fh="15" fc="16777215" fa="1" charset="0">2</text>
      </subsup>
      <text fn="Arial" fh="15" fc="16777215" fa="1" charset="238"> - is used to produce fireworks; barium oxide - BaO - is used as a desiccant. </text>
   </par>
</scrollbox>
