﻿<?xml version="1.0" encoding="windows-1252"?>
<!-- File created by XML_Editor.ocx (RTF-XML editor-parser) v2.8 (xml) -->
<scrollbox>
   <par align="l" li="0" ri="0" iln="0">
      <text fn="Arial" fh="15" fc="16777215" fa="1" charset="238">Bromine occurs naturally only in the combined state. Some more important bromine minerals are </text>
      <text fn="Arial" fh="15" fc="16777215" fa="1" charset="0">bromargyrite </text>
      <text fn="Arial" fh="15" fc="16777215" fa="1" charset="238">– AgBr - and iodobromite – Ag(ClBrI). Bromine constitutes about 3.7 · </text>
      <subsup>
      <text fn="Arial" fh="15" fc="16777215" fa="1" charset="238">10</text>
      <text fn="Arial" fh="15" fc="16777215" fa="1" charset="238">-5</text>
      </subsup>
      <text fn="Arial" fh="15" fc="16777215" fa="1" charset="0">% of the </text>
      <text fn="Arial" fh="15" fc="16777215" fa="1" charset="238">Earth's</text>
      <text fn="Arial" fh="15" fc="16777215" fa="1" charset="0"> crust by weight. It ranks 62nd in terms of abundance among the elements. </text>
      <text fn="Arial" fh="15" fc="16777215" fa="1" charset="238">In seawater it is found in the form of bromide anions – B</text>
      <subsup>
      <text fn="Arial" fh="15" fc="16777215" fa="1" charset="238">r</text>
      <text fn="Arial" fh="15" fc="16777215" fa="1" charset="238">-</text>
      </subsup>
      <text fn="Arial" fh="15" fc="16777215" fa="1" charset="0">.</text>
   </par>
</scrollbox>
