﻿<?xml version="1.0" encoding="windows-1250"?>
<!-- File created by XML_Editor.ocx (RTF-XML editor-parser) v2.7 (xml) -->
<scrollbox>
   <par align="l" li="0" ri="0" iln="0">
      <text fn="Arial" fh="15" fc="16777215" fa="1" charset="238">In nature cerium occurs in the combined state in minerals such as monazite  - CePO</text>
      <subsup>
      <text fn="Arial" fh="13" fc="0" fa="1" charset="238"></text>
      <text fn="Arial" fh="13" fc="0" fa="1" charset="238"></text>
      <text fn="Arial" fh="15" fc="16777215" fa="1" charset="238">4</text>
      </subsup>
      <text fn="Arial" fh="15" fc="16777215" fa="1" charset="238">. In abundance it ranks 25th among the elements, making up 6.8·</text>
      <subsup>
      <text fn="Arial" fh="15" fc="16777215" fa="1" charset="238">10</text>
      <text fn="Arial" fh="15" fc="16777215" fa="1" charset="238">-3</text>
      </subsup>
      <text fn="Arial" fh="15" fc="16777215" fa="1" charset="0">% of the </text>
      <text fn="Arial" fh="15" fc="16777215" fa="1" charset="238">Earth's</text>
      <text fn="Arial" fh="15" fc="16777215" fa="1" charset="0"> crust by weight.</text>
   </par>
</scrollbox>
