﻿<?xml version="1.0" encoding="windows-1252"?>
<!-- File created by XML_Editor.ocx (RTF-XML editor-parser) v2.8 (xml) -->
<scrollbox>
   <par align="l" li="0" ri="0" iln="0">
      <text fn="Arial" fh="15" fc="16777215" fa="1" charset="0">Caesium is a silvery-white, soft and ductile metal. The surface of a fresh cut is highly lustrous, but the lustre is instantly dulled in air. It is the most reactive lithium group element and has to be stored in kerosene. It reacts explosively with water and ignites spontaneously in air. Caesium causes severe burns and its salts are highly poisonous. It was discovered in 1860 by the German chemists Robert Bunsen and Robert Kirchhoff. The name of the element is derived from the Latin </text>
      <text fn="Arial" fh="15" fc="16777215" fs="i" fa="1" charset="0">caesius</text>
      <text fn="Arial" fh="15" fc="16777215" fa="1" charset="0"> meaning  greyish-blue (two characteristic blue lines of its spectrum).</text>
   </par>
</scrollbox>
