﻿<?xml version="1.0" encoding="windows-1252"?>
<!-- File created by XML_Editor.ocx (RTF-XML editor-parser) v2.8 (xml) -->
<scrollbox>
   <par align="l" li="0" ri="0" iln="0">
      <text fn="Arial" fh="15" fc="16777215" fa="1" charset="0">Caesium is used as a catalyst for many chemical reactions; also utilised in the manufacture of photoelectric cells, as the cathode material. The radioactive isotope</text>
      <text fn="Arial" fh="15" fc="16777215" fa="1" charset="238"> </text>
      <subsup>
      <text fn="Arial" fh="13" fc="0" fa="1" charset="238"></text>
      <text fn="Arial" fh="15" fc="16777215" fa="1" charset="238">137</text>
      </subsup>
      <text fn="Arial" fh="15" fc="16777215" fa="1" charset="238">Cs is used as a source of </text>
      <text fn="Symbol" fh="15" fc="16777215" fa="1" charset="2">g</text>
      <text fn="Arial" fh="15" fc="16777215" fa="1" charset="238">-radiation, used in flaw detection and in medicine in tumour treatment.</text>
   </par>
</scrollbox>
