﻿<?xml version="1.0" encoding="windows-1252"?>
<!-- File created by XML_Editor.ocx (RTF-XML editor-parser) v2.8 (xml) -->
<scrollbox>
   <par align="l" li="0" ri="0" iln="0">
      <text fn="Arial" fh="15" fc="16777215" fa="1" charset="238">Zinc is used for coating metals ('galvanising'). It is also an important component of alloys, such as brass - an alloy of copper and zinc; and 'new silver' - an alloy of copper, zinc and silver. Zinc oxide - ZnO - is used as a pigment and in pharmacy as a component of ointments. Zinc chloride - ZnC</text>
      <subsup>
      <text fn="Arial" fh="15" fc="16777215" fa="1" charset="238">l</text>
      <text fn="Arial" fh="13" fc="0" fa="1" charset="238"></text>
      <text fn="Arial" fh="15" fc="16777215" fa="1" charset="238">2</text>
      </subsup>
      <text fn="Arial" fh="15" fc="16777215" fa="1" charset="238"> is used in the preservation of wood.</text>
   </par>
</scrollbox>
