﻿<?xml version="1.0" encoding="windows-1252"?>
<!-- File created by XML_Editor.ocx (RTF-XML editor-parser) v2.8 (xml) -->
<scrollbox>
   <par align="l" li="0" ri="0" iln="0">
      <text fn="Arial" fh="15" fc="16777215" fa="1" charset="238">On an industrial scale zinc is obtained by roasting zincblende - ZnS - and by reduction of the resulting zinc oxide - ZnO - by coke. Zinc is also obtained from solutions of zinc sulphate(VI) - ZnS</text>
      <subsup>
      <text fn="Arial" fh="15" fc="16777215" fa="1" charset="0">O</text>
      <text fn="Arial" fh="13" fc="0" fa="1" charset="238"></text>
      <text fn="Arial" fh="15" fc="16777215" fa="1" charset="0">4</text>
      </subsup>
      <text fn="Arial" fh="15" fc="16777215" fa="1" charset="0"> - </text>
      <text fn="Arial" fh="15" fc="16777215" fa="1" charset="238">by electrolysis.</text>
   </par>
</scrollbox>
