﻿<?xml version="1.0" encoding="windows-1252"?>
<!-- File created by XML_Editor.ocx (RTF-XML editor-parser) v2.8 (xml) -->
<scrollbox>
   <par align="l" li="0" ri="0" iln="0">
      <text fn="Arial" fh="15" fc="16777215" fa="1" charset="238">Zircon occurs naturally only in the combined state. Its chief minerals are zircon  – ZrSi</text>
      <subsup>
      <text fn="Arial" fh="15" fc="16777215" fa="1" charset="238">O</text>
      <text fn="Arial" fh="13" fc="0" fa="1" charset="238"></text>
      <text fn="Arial" fh="15" fc="16777215" fa="1" charset="238">4</text>
      </subsup>
      <text fn="Arial" fh="15" fc="16777215" fa="1" charset="0"> </text>
      <text fn="Arial" fh="15" fc="16777215" fa="1" charset="238">and baddeleyite</text>
      <text fn="Arial" fh="15" fc="16777215" fa="1" charset="0"> – Zr</text>
      <subsup>
      <text fn="Arial" fh="15" fc="16777215" fa="1" charset="0">O</text>
      <text fn="Arial" fh="13" fc="0" fa="1" charset="238"></text>
      <text fn="Arial" fh="15" fc="16777215" fa="1" charset="0">2</text>
      </subsup>
      <text fn="Arial" fh="15" fc="16777215" fa="1" charset="238">. </text>
      <text fn="Arial" fh="15" fc="16777215" fa="1" charset="0"> It is usually accompanied by hafnium. Zirconium constitutes 0.019% of the </text>
      <text fn="Arial" fh="15" fc="16777215" fa="1" charset="238">Earth's</text>
      <text fn="Arial" fh="15" fc="16777215" fa="1" charset="0"> crust by weight and ranks 18th among the elements in abundance. Zirconium has also been found in rocks from the Moon.</text>
   </par>
</scrollbox>
