﻿<?xml version="1.0" encoding="windows-1250"?>
<!-- File created by XML_Editor.ocx (RTF-XML editor-parser) v2.7 (xml) -->
<scrollbox>
   <par align="l" li="0" ri="0" iln="0">
      <text fn="Arial" fh="15" fc="16777215" fa="1" charset="238">Dysprosium is a soft silvery-white metal. It oxidises on the surface to dysprosium oxide - D</text>
      <subsup>
      <text fn="Arial" fh="15" fc="16777215" fa="1" charset="238">y</text>
      <text fn="Arial" fh="13" fc="0" fa="1" charset="238"></text>
      <text fn="Arial" fh="15" fc="16777215" fa="1" charset="238">2</text>
      </subsup>
      <subsup>
      <text fn="Arial" fh="15" fc="16777215" fa="1" charset="238">O</text>
      <text fn="Arial" fh="13" fc="0" fa="1" charset="238"></text>
      <text fn="Arial" fh="15" fc="16777215" fa="1" charset="238">3</text>
      </subsup>
      <text fn="Arial" fh="15" fc="16777215" fa="1" charset="238">. In the reaction with water it forms dysprosium hydroxide - Dy(OH)</text>
      <subsup>
      <text fn="Arial" fh="13" fc="0" fa="1" charset="238"></text>
      <text fn="Arial" fh="13" fc="0" fa="1" charset="238"></text>
      <text fn="Arial" fh="15" fc="16777215" fa="1" charset="238">3</text>
      </subsup>
      <text fn="Arial" fh="15" fc="16777215" fa="1" charset="238">, and in the reaction with acids, salts are produced. Salts of dysprosium are yellow or green-coloured. Dysprosium was discovered in 1886 by a French chemist Emil Lecoq de Boisbaudran and isolated in 1906 by Georges Urbain.  The name of the element is derived from the Greek word </text>
      <text fn="Arial" fh="15" fc="16777215" fs="i" fa="1" charset="238">dysprositos</text>
      <text fn="Arial" fh="15" fc="16777215" fa="1" charset="238"> - inaccessible.</text>
   </par>
</scrollbox>
