﻿<?xml version="1.0" encoding="windows-1252"?>
<!-- File created by XML_Editor.ocx (RTF-XML editor-parser) v2.8 (xml) -->
<scrollbox>
   <par align="l" li="0" ri="0" iln="0">
      <text fn="Arial" fh="15" fc="16777215" fa="1" charset="0">One fluorine compound with wide application is PTFE (Teflon). This compound is resistant to numerous chemical substances and to high temperatures. It is used for making gaskets in the automotive industry, as a non-stick coating for cooking pots and frying pans, etc. From hydrogen fluoride - HF- many other fluorine compounds are prepared. Fluorine is used for glass etching and as a catalyst in the production of high-octane petrol. Uranium(VI) fluoride - U</text>
      <subsup>
      <text fn="Arial" fh="15" fc="16777215" fa="1" charset="0">F</text>
      <text fn="Arial" fh="13" fc="0" fa="1" charset="238"></text>
      <text fn="Arial" fh="15" fc="16777215" fa="1" charset="0">6</text>
      </subsup>
      <text fn="Arial" fh="15" fc="16777215" fa="1" charset="0"> is applied to the separation of uranium isotopes. Fluo</text>
      <text fn="Arial" fh="15" fc="16777215" fa="1" charset="238">rine compounds are added to toothpaste and drinking water as a means of prevention of tooth decay.</text>
   </par>
</scrollbox>
