﻿<?xml version="1.0" encoding="windows-1252"?>
<!-- File created by XML_Editor.ocx (RTF-XML editor-parser) v2.8 (xml) -->
<scrollbox>
   <par align="l" li="0" ri="0" iln="0">
      <text fn="Arial" fh="15" fc="16777215" fa="1" charset="238">Fluorine is a greenish-yellow gas with a sharp odour, severely irritating to the respiratory tract. It is slightly denser than air. Fluorine is one of the most reactive substances known. It combines with nearly all elements to form fluorides. The exceptions are: chlorine, nitrogen and certain noble gases (helium and neon). Fluorine reacts explosively with hydrogen to produce hydrogen fluoride, even at very low temperatures. The element was discovered in 1771 by the Swedish chemist Karl Wilhelm Scheele. In 1886 it was first isolated by a French chemist, Henri Moissan. The name of the element is derived from the Latin </text>
      <text fn="Arial" fh="15" fc="16777215" fs="i" fa="1" charset="238">fluere</text>
      <text fn="Arial" fh="15" fc="16777215" fa="1" charset="238">, meaning ”to flow”.</text>
   </par>
</scrollbox>
