﻿<?xml version="1.0" encoding="windows-1252"?>
<!-- File created by XML_Editor.ocx (RTF-XML editor-parser) v2.8 (xml) -->
<scrollbox>
   <par align="l" li="0" ri="0" iln="0">
      <text fn="Arial" fh="15" fc="16777215" fa="1" charset="238">Fluorine is obtained by an electrolytic method. Due to the high reactivity of fluorine, the process is carried out in mixtures of potassium hydrogen fluoride </text>
      <text fn="Arial" fh="15" fc="16777215" fa="1" charset="0">(KH</text>
      <subsup>
      <text fn="Arial" fh="15" fc="16777215" fa="1" charset="0">F</text>
      <text fn="Arial" fh="13" fc="0" fa="1" charset="238"></text>
      <text fn="Arial" fh="15" fc="16777215" fa="1" charset="0">2</text>
      </subsup>
      <text fn="Arial" fh="15" fc="16777215" fa="1" charset="0">) with hydrogen fluoride at high temperatures, rather than in aqueous solutions.</text>
   </par>
</scrollbox>
