﻿<?xml version="1.0" encoding="windows-1252"?>
<!-- File created by XML_Editor.ocx (RTF-XML editor-parser) v2.8 (xml) -->
<scrollbox>
   <par align="l" li="0" ri="0" iln="0">
      <text fn="Arial" fh="15" fc="16777215" fa="1" charset="238">White phosphorus is obtained by heating calcium phosphate(V) </text>
      <text fn="Arial" fh="15" fc="16777215" fa="1" charset="0"> - </text>
      <subsup>
      <text fn="Arial" fh="15" fc="16777215" fa="1" charset="0">Ca</text>
      <text fn="Arial" fh="13" fc="0" fa="1" charset="238"></text>
      <text fn="Arial" fh="15" fc="16777215" fa="1" charset="0">3</text>
      </subsup>
      <text fn="Arial" fh="15" fc="16777215" fa="1" charset="0">(P</text>
      <subsup>
      <text fn="Arial" fh="15" fc="16777215" fa="1" charset="0">O</text>
      <text fn="Arial" fh="13" fc="0" fa="1" charset="238"></text>
      <text fn="Arial" fh="15" fc="16777215" fa="1" charset="0">4</text>
      </subsup>
      <text fn="Arial" fh="15" fc="16777215" fa="1" charset="0">)</text>
      <subsup>
      <text fn="Arial" fh="13" fc="0" fa="1" charset="238"></text>
      <text fn="Arial" fh="13" fc="0" fa="1" charset="238"></text>
      <text fn="Arial" fh="15" fc="16777215" fa="1" charset="0">2</text>
      </subsup>
      <text fn="Arial" fh="15" fc="16777215" fa="1" charset="0"> - with sand and coke in electric furnaces at 1350 - 1450</text>
      <text fn="Symbol" fh="15" fc="16777215" fa="1" charset="2">°</text>
      <text fn="Arial" fh="15" fc="16777215" fa="1" charset="0">C. </text>
   </par>
</scrollbox>
