﻿<?xml version="1.0" encoding="windows-1252"?>
<!-- File created by XML_Editor.ocx (RTF-XML editor-parser) v2.8 (xml) -->
<scrollbox>
   <par align="l" li="0" ri="0" iln="0">
      <text fn="Arial" fh="15" fc="16777215" fa="1" charset="238">Gadolinium is a silver-white, malleable and ductile metal. It belongs to the lanthanide series of elements. Gadolinium is ferromagnetic - meaning it has the ability to become strongly magnetised in a magnetic field. This ability is lost above a certain temperature (termed the Curie point), which in the case of gadolinium is found to be about 20</text>
      <text fn="Symbol" fh="15" fc="16777215" fa="1" charset="2">°</text>
      <text fn="Arial" fh="15" fc="16777215" fa="1" charset="238">C. Gadolinium combines with oxygen to form the white gadolinium oxide, G</text>
      <subsup>
      <text fn="Arial" fh="15" fc="16777215" fa="1" charset="238">d</text>
      <text fn="Arial" fh="13" fc="0" fa="1" charset="238"></text>
      <text fn="Arial" fh="15" fc="16777215" fa="1" charset="238">2</text>
      </subsup>
      <subsup>
      <text fn="Arial" fh="15" fc="16777215" fa="1" charset="238">O</text>
      <text fn="Arial" fh="13" fc="0" fa="1" charset="238"></text>
      <text fn="Arial" fh="15" fc="16777215" fa="1" charset="238">3</text>
      </subsup>
      <text fn="Arial" fh="15" fc="16777215" fa="1" charset="238">. At elevated temperatures gadolinium reacts with water to produce gadolinium hydroxide  - Gd(OH</text>
      <subsup>
      <text fn="Arial" fh="15" fc="16777215" fa="1" charset="238">)</text>
      <text fn="Arial" fh="13" fc="0" fa="1" charset="238"></text>
      <text fn="Arial" fh="15" fc="16777215" fa="1" charset="238">3</text>
      </subsup>
      <text fn="Arial" fh="15" fc="16777215" fa="1" charset="238"> - and hydrogen. It displaces hydrogen from acids to form salts. Gadolinium was discovered in 1880 by the Swiss chemists Jean de Marignac and Lecoq de Boisbaudran. The element was named after the mineral gadolinite, which in turn was named after the Finnish chemist Johan Gadolin.</text>
   </par>
</scrollbox>
