﻿<?xml version="1.0" encoding="windows-1252"?>
<!-- File created by XML_Editor.ocx (RTF-XML editor-parser) v2.8 (xml) -->
<scrollbox>
   <par align="l" li="0" ri="0" iln="0">
      <text fn="Arial" fh="15" fc="16777215" fa="1" charset="238">Germanium is quite a rare element, constituting only 1.8 · </text>
      <subsup>
      <text fn="Arial" fh="15" fc="16777215" fa="1" charset="238">10</text>
      <text fn="Arial" fh="15" fc="16777215" fa="1" charset="238">-4</text>
      </subsup>
      <text fn="Arial" fh="15" fc="16777215" fa="1" charset="0">% of the </text>
      <text fn="Arial" fh="15" fc="16777215" fa="1" charset="238">Earth's</text>
      <text fn="Arial" fh="15" fc="16777215" fa="1" charset="0"> crust by weight. It is 52nd in abundance among the elements. In minute amounts it is present in certain types of coal, and in zinc and copper ores. Two of the few minerals of germanium are argyrodite</text>
      <text fn="Arial" fh="15" fc="16777215" fa="1" charset="238"> - A</text>
      <subsup>
      <text fn="Arial" fh="15" fc="16777215" fa="1" charset="238">g</text>
      <text fn="Arial" fh="13" fc="0" fa="1" charset="238"></text>
      <text fn="Arial" fh="15" fc="16777215" fa="1" charset="238">8</text>
      </subsup>
      <text fn="Arial" fh="15" fc="16777215" fa="1" charset="0">Ge</text>
      <subsup>
      <text fn="Arial" fh="15" fc="16777215" fa="1" charset="0">S</text>
      <text fn="Arial" fh="13" fc="0" fa="1" charset="238"></text>
      <text fn="Arial" fh="15" fc="16777215" fa="1" charset="0">6</text>
      </subsup>
      <text fn="Arial" fh="15" fc="16777215" fa="1" charset="0"> and germanite - C</text>
      <subsup>
      <text fn="Arial" fh="15" fc="16777215" fa="1" charset="0">u</text>
      <text fn="Arial" fh="13" fc="0" fa="1" charset="238"></text>
      <text fn="Arial" fh="15" fc="16777215" fa="1" charset="0">2</text>
      </subsup>
      <text fn="Arial" fh="15" fc="16777215" fa="1" charset="0">Ge</text>
      <subsup>
      <text fn="Arial" fh="15" fc="16777215" fa="1" charset="0">S</text>
      <text fn="Arial" fh="13" fc="0" fa="1" charset="238"></text>
      <text fn="Arial" fh="15" fc="16777215" fa="1" charset="0">3</text>
      </subsup>
      <text fn="Arial" fh="15" fc="16777215" fa="1" charset="0">.</text>
   </par>
</scrollbox>
