﻿<?xml version="1.0" encoding="windows-1252"?>
<!-- File created by XML_Editor.ocx (RTF-XML editor-parser) v2.8 (xml) -->
<scrollbox>
   <par align="l" li="0" ri="0" iln="0">
      <text fn="Arial" fh="15" fc="16777215" fa="1" charset="0">Hafnium is a silvery-coloured, ductile metal. On contact with air it produces a superficial, protective layer of hafnium(IV) oxide </text>
      <text fn="Arial" fh="15" fc="16777215" fa="1" charset="238">– Hf</text>
      <subsup>
      <text fn="Arial" fh="15" fc="16777215" fa="1" charset="238">O</text>
      <text fn="Arial" fh="13" fc="0" fa="1" charset="238"></text>
      <text fn="Arial" fh="15" fc="16777215" fa="1" charset="238">2</text>
      </subsup>
      <text fn="Arial" fh="15" fc="16777215" fa="1" charset="238">. Resistant to acids and bases, with the exception of hydrofluoric acid and </text>
      <text fn="Arial" fh="15" fc="16777215" fs="i" fa="1" charset="238">aqua regia</text>
      <text fn="Arial" fh="15" fc="16777215" fa="1" charset="238"> (a mixture of 3 parts of concentrated hydrochloric acid and 1 part of concentrated nitric acid by volume).  At high temperatures it has been found to absorb hydrogen. Hafnium was discovered in 1923 by the Hungarian chemist  Georg von Havesyego and the Dutch physicist Dirk Coster. It was named after Copenhagen (</text>
      <text fn="Arial" fh="15" fc="16777215" fs="i" fa="1" charset="238">Hafnia</text>
      <text fn="Arial" fh="15" fc="16777215" fa="1" charset="238"> in Latin).</text>
   </par>
</scrollbox>
