﻿<?xml version="1.0" encoding="windows-1250"?>
<!-- File created by XML_Editor.ocx (RTF-XML editor-parser) v2.6 (xml) -->
<scrollbox>
   <par align="l" li="0" ri="0" iln="0">
      <text fn="Arial" fh="15" fc="16777215" fa="1" charset="0">Hassium is a synthetic, radioactive element, exhibiting metallic properties. It was obtained in 1984 by German researchers from the Laboratory of Heavy Ion Research in Darmstadt. </text>
   </par>
   <par align="l" li="0" ri="0" iln="0">
      <text fn="Arial" fh="15" fc="16777215" fa="1" charset="0"></text>
   </par>
   <par align="l" li="0" ri="0" iln="0">
      <text fn="Times New Roman" fh="13" fc="0" fa="1" charset="0"></text>
   </par>
   <par align="l" li="0" ri="0" iln="0">
      <text fn="Arial" fh="15" fc="0" fa="1" charset="0"></text>
   </par>
   <par align="l" li="0" ri="0" iln="0">
      <text fn="Times New Roman" fh="15" fc="0" fa="1" charset="0"></text>
   </par>
   <par align="l" li="0" ri="0" iln="0">
      <text fn="Times New Roman" fh="15" fc="0" fa="1" charset="0"></text>
   </par>
</scrollbox>
