﻿<?xml version="1.0" encoding="windows-1252"?>
<!-- File created by XML_Editor.ocx (RTF-XML editor-parser) v2.8 (xml) -->
<scrollbox>
   <par align="l" li="0" ri="0" iln="0">
      <text fn="Arial" fh="15" fc="16777215" fa="1" charset="0">Iridium is found in nature, often in association with platinum deposits, as a natural alloy (the so-called platiniridium). It makes up 3 · </text>
      <subsup>
      <text fn="Arial" fh="15" fc="16777215" fa="1" charset="0">10</text>
      <text fn="Arial" fh="15" fc="16777215" fa="1" charset="238">-10</text>
      </subsup>
      <text fn="Arial" fh="15" fc="16777215" fa="1" charset="238">% </text>
      <text fn="Arial" fh="15" fc="16777215" fa="1" charset="0">of the </text>
      <text fn="Arial" fh="15" fc="16777215" fa="1" charset="238">Earth's</text>
      <text fn="Arial" fh="15" fc="16777215" fa="1" charset="0"> crust by weight and ranks 83rd in terms of abundance.</text>
   </par>
</scrollbox>
