﻿<?xml version="1.0" encoding="windows-1252"?>
<!-- File created by XML_Editor.ocx (RTF-XML editor-parser) v2.8 (xml) -->
<scrollbox>
   <par align="l" li="0" ri="0" iln="0">
      <text fn="Arial" fh="15" fc="16777215" fa="1" charset="238">Iodine is a non-metallic element with a characteristic pungent odour and a  lustre resembling metals. It is a greyish-black solid. It sublimes easily into a deep violet vapour, strongly irritating to the eyes, nose and throat. Iodine is only slightly soluble in water, but readily soluble in organic solvents, such as ethanol – </text>
      <subsup>
      <text fn="Arial" fh="15" fc="16777215" fa="1" charset="238">C</text>
      <text fn="Arial" fh="13" fc="0" fa="1" charset="238"></text>
      <text fn="Arial" fh="15" fc="16777215" fa="1" charset="238">2</text>
      </subsup>
      <subsup>
      <text fn="Arial" fh="15" fc="16777215" fa="1" charset="238">H</text>
      <text fn="Arial" fh="13" fc="0" fa="1" charset="238"></text>
      <text fn="Arial" fh="15" fc="16777215" fa="1" charset="238">5</text>
      </subsup>
      <text fn="Arial" fh="15" fc="16777215" fa="1" charset="238">OH. Chemically very reactive, iodine reacts with metals to form iodides, for example magnesium iodide  – Mg</text>
      <subsup>
      <text fn="Arial" fh="15" fc="16777215" fa="1" charset="238">I</text>
      <text fn="Arial" fh="13" fc="0" fa="1" charset="238"></text>
      <text fn="Arial" fh="15" fc="16777215" fa="1" charset="238">2</text>
      </subsup>
      <text fn="Arial" fh="15" fc="16777215" fa="1" charset="238">; with hydrogen it forms hydrogen iodide, HI.  Iodine was discovered by a French chemist, Bernard Courtois, in 1811; its properties were first studied and described by Gay-Lussac in 1813. The name Iodine is derived from the Greek </text>
      <text fn="Arial" fh="15" fc="16777215" fs="i" fa="1" charset="238">ioeides</text>
      <text fn="Arial" fh="15" fc="16777215" fa="1" charset="238"> - ”violet”.</text>
   </par>
</scrollbox>
