﻿<?xml version="1.0" encoding="windows-1252"?>
<!-- File created by XML_Editor.ocx (RTF-XML editor-parser) v2.8 (xml) -->
<scrollbox>
   <par align="l" li="0" ri="0" iln="0">
      <text fn="Arial" fh="15" fc="16777215" fa="1" charset="238">Cobalt is a silvery-white, brittle, heavy metal. It is malleable and ductile. Polished cobalt has a bluish tinge. It is a strong ferromagnetic, meaning it has the ability to become magnetised in a magnetic field. It has the highest Curie point (1121 </text>
      <text fn="Symbol" fh="15" fc="16777215" fa="1" charset="2">°</text>
      <text fn="Arial" fh="15" fc="16777215" fa="1" charset="238">C), which is the temperature at which a substance loses its ferromagnetic properties. Cobalt does not corrode in air. At elevated temperatures it reacts with sulphur, oxygen and the halogens. Cobalt compounds were known in ancient times, but the element was first obtained by the Swedish chemist Georg Brandt in 1735. The name cobalt is derived from the German </text>
      <text fn="Arial" fh="15" fc="16777215" fs="i" fa="1" charset="238">Kobald</text>
      <text fn="Arial" fh="15" fc="16777215" fa="1" charset="238">, meaning ”evil spirit”.</text>
   </par>
</scrollbox>
