﻿<?xml version="1.0" encoding="windows-1252"?>
<!-- File created by XML_Editor.ocx (RTF-XML editor-parser) v2.8 (xml) -->
<scrollbox>
   <par align="l" li="0" ri="0" iln="0">
      <text fn="Arial" fh="15" fc="16777215" fa="1" charset="238">Xenon is a colourless, odourless and tasteless noble gas. It is about 4.5 times denser than air. As a noble gas it is almost completely inert; its atoms do not form diatomic molecules. It was isolated by the British chemists William Ramsay and Morris William Travers in 1898. The name is derived from the Greek </text>
      <text fn="Arial" fh="15" fc="16777215" fs="i" fa="1" charset="238">ksenos</text>
      <text fn="Arial" fh="15" fc="16777215" fa="1" charset="238"> - strange. In 1962 the first xenon compounds were produced, disproving the earlier opinion of the total inertness of xenon and other noble gases.</text>
   </par>
</scrollbox>
