﻿<?xml version="1.0" encoding="windows-1252"?>
<!-- File created by XML_Editor.ocx (RTF-XML editor-parser) v2.8 (xml) -->
<scrollbox>
   <par align="l" li="0" ri="0" iln="0">
      <text fn="Arial" fh="15" fc="16777215" fa="1" charset="238">Lithium is a silvery-white metal, soft enough to be cut with a knife. It is very reactive. On contact with dry air it remains unchanged, but in moist air it reacts rapidly to produce lithium hydroxide LiOH, although the reaction is not as violent as in the case of sodium (Na) and potassium (K). Lithium and its compounds impart a crimson colour to a flame. The name lithium is derived from the Greek </text>
      <text fn="Arial" fh="15" fc="16777215" fs="i" fa="1" charset="238">lithos</text>
      <text fn="Arial" fh="15" fc="16777215" fa="1" charset="238"> - ”stone”. Lithium was discovered in 1817 by a Swedish chemist, </text>
      <text fn="Arial" fh="15" fc="16777215" fa="1" charset="0">Johan August Arfvedson. Pure lithium was first obtained by W.T. Brande and H. Davy.</text>
   </par>
</scrollbox>
