﻿<?xml version="1.0" encoding="windows-1252"?>
<!-- File created by XML_Editor.ocx (RTF-XML editor-parser) v2.8 (xml) -->
<scrollbox>
   <par align="l" li="0" ri="0" iln="0">
      <text fn="Arial" fh="15" fc="16777215" fa="1" charset="238">Metallic lithium is used as an additive to alloys of aluminium, zinc and magnesium, improving their hardness and toughness, and as a catalyst in numerous chemical reactions. It is utilised in the manufacture of batteries. Lithium also has wide applications in nuclear engineering. One of its isotopes,</text>
      <text fn="Arial" fh="15" fc="16777215" fa="1" charset="0"> </text>
      <subsup>
      <text fn="Arial" fh="13" fc="0" fa="1" charset="238"></text>
      <text fn="Arial" fh="15" fc="16777215" fa="1" charset="0">6</text>
      </subsup>
      <text fn="Arial" fh="15" fc="16777215" fa="1" charset="0">Li,</text>
      <text fn="Arial" fh="15" fc="16777215" fa="1" charset="238"> </text>
      <text fn="Arial" fh="15" fc="16777215" fa="1" charset="0">is employed in the preparation of tritium (T) - a hydrogen isotope. Lithium is also used as a coolant  in high-temperature reactors.</text>
   </par>
</scrollbox>
