﻿<?xml version="1.0" encoding="windows-1252"?>
<!-- File created by XML_Editor.ocx (RTF-XML editor-parser) v2.8 (xml) -->
<scrollbox>
   <par align="l" li="0" ri="0" iln="0">
      <text fn="Arial" fh="15" fc="16777215" fa="1" charset="238">The laboratory preparation of lithium involves the electrolysis of molten lithium salts, such as lithium bromide - LiBr or lithium chloride - LiCl - in a non-aqueous medium. In industry lithium is produced from a fused mixture of lithium chloride (LiCl) and potassium chloride (KCl). The mixture is a eutectic mixture, meaning that its melting point (</text>
      <text fn="Arial" fh="15" fc="16777215" fa="1" charset="0">400 </text>
      <text fn="Symbol" fh="15" fc="16777215" fa="1" charset="2">°</text>
      <text fn="Arial" fh="15" fc="16777215" fa="1" charset="238">C) is lower than the melting points of its individual components. Lithium chloride melts at 605 </text>
      <text fn="Symbol" fh="15" fc="16777215" fa="1" charset="2">°</text>
      <text fn="Arial" fh="15" fc="16777215" fa="1" charset="0">C; potassium chloride at 770 </text>
      <text fn="Symbol" fh="15" fc="16777215" fa="1" charset="2">°</text>
      <text fn="Arial" fh="15" fc="16777215" fa="1" charset="0">C.</text>
      <tab></tab>
   </par>
</scrollbox>
