﻿<?xml version="1.0" encoding="windows-1250"?>
<!-- File created by XML_Editor.ocx (RTF-XML editor-parser) v2.7 (xml) -->
<scrollbox>
   <par align="l" li="0" ri="0" iln="0">
      <text fn="Arial" fh="15" fc="16777215" fa="1" charset="238">Lutetium is a silvery-white, hard and heavy metal. It belongs to the lanthanides and is the last of the series. On contact with air it oxidises superficially to form a layer of lutetium oxide – L</text>
      <subsup>
      <text fn="Arial" fh="15" fc="16777215" fa="1" charset="238">u</text>
      <text fn="Arial" fh="13" fc="0" fa="1" charset="238"></text>
      <text fn="Arial" fh="15" fc="16777215" fa="1" charset="238">2</text>
      </subsup>
      <subsup>
      <text fn="Arial" fh="15" fc="16777215" fa="1" charset="0">O</text>
      <text fn="Arial" fh="13" fc="0" fa="1" charset="238"></text>
      <text fn="Arial" fh="15" fc="16777215" fa="1" charset="0">3</text>
      </subsup>
      <text fn="Arial" fh="15" fc="16777215" fa="1" charset="0">. Lutetium displaces hydrogen from water to form lutetium hydroxide  – Lu(OH</text>
      <subsup>
      <text fn="Arial" fh="15" fc="16777215" fa="1" charset="0">)</text>
      <text fn="Arial" fh="13" fc="0" fa="1" charset="238"></text>
      <text fn="Arial" fh="15" fc="16777215" fa="1" charset="0">3</text>
      </subsup>
      <text fn="Arial" fh="15" fc="16777215" fa="1" charset="238">; it also displaces hydrogen from </text>
      <text fn="Arial" fh="15" fc="16777215" fa="1" charset="0">acids and forms salts. Compounds of lutetium are white or colourless. Lutetium was discovered in 1907 by two researchers working independently: a French chemist, Georges Urbain, and an Austrian chemist, Carl Auer von Welsbach. It was named after Paris - </text>
      <text fn="Arial" fh="15" fc="16777215" fs="i" fa="1" charset="0">Lutetia</text>
      <text fn="Arial" fh="15" fc="16777215" fa="1" charset="0"> in Latin.</text>
   </par>
</scrollbox>
