﻿<?xml version="1.0" encoding="windows-1252"?>
<!-- File created by XML_Editor.ocx (RTF-XML editor-parser) v2.8 (xml) -->
<scrollbox>
   <par align="l" li="0" ri="0" iln="0">
      <text fn="Arial" fh="15" fc="16777215" fa="1" charset="238">Copper occurs both native and combined in nature. Numerous copper minerals are known, like chalcocite – C</text>
      <subsup>
      <text fn="Arial" fh="15" fc="16777215" fa="1" charset="238">u</text>
      <text fn="Arial" fh="13" fc="0" fa="1" charset="238"></text>
      <text fn="Arial" fh="15" fc="16777215" fa="1" charset="238">2</text>
      </subsup>
      <text fn="Arial" fh="15" fc="16777215" fa="1" charset="0">S, chalcopyrite – CuFe</text>
      <subsup>
      <text fn="Arial" fh="15" fc="16777215" fa="1" charset="0">S</text>
      <text fn="Arial" fh="13" fc="0" fa="1" charset="238"></text>
      <text fn="Arial" fh="15" fc="16777215" fa="1" charset="0">2</text>
      </subsup>
      <text fn="Arial" fh="15" fc="16777215" fa="1" charset="0">, cuprite – C</text>
      <subsup>
      <text fn="Arial" fh="15" fc="16777215" fa="1" charset="0">u</text>
      <text fn="Arial" fh="13" fc="0" fa="1" charset="238"></text>
      <text fn="Arial" fh="15" fc="16777215" fa="1" charset="0">2</text>
      </subsup>
      <text fn="Arial" fh="15" fc="16777215" fa="1" charset="238">O. Copper ranks 26th in abundance among the elements, making up 5 · </text>
      <subsup>
      <text fn="Arial" fh="15" fc="16777215" fa="1" charset="238">10</text>
      <text fn="Arial" fh="15" fc="16777215" fa="1" charset="238">-3</text>
      </subsup>
      <text fn="Arial" fh="15" fc="16777215" fa="1" charset="0">% of</text>
      <text fn="Arial" fh="15" fc="16777215" fa="1" charset="238"> the Earth's crust by weight.</text>
   </par>
</scrollbox>
