﻿<?xml version="1.0" encoding="windows-1252"?>
<!-- File created by XML_Editor.ocx (RTF-XML editor-parser) v2.8 (xml) -->
<scrollbox>
   <par align="l" li="0" ri="0" iln="0">
      <text fn="Arial" fh="15" fc="16777215" fa="1" charset="238">Neodymium, like other lanthanides, occurs naturally only in the combined state in monazite sand, which is a mixture of the phosphates of cerium, thorium, lanthanum and other lanthanides. These elements constitute 50% of monazite sand by weight. Neodymium makes up 3.8 · </text>
      <subsup>
      <text fn="Arial" fh="15" fc="16777215" fa="1" charset="238">10</text>
      <text fn="Arial" fh="15" fc="16777215" fa="1" charset="238">-3</text>
      </subsup>
      <text fn="Arial" fh="15" fc="16777215" fa="1" charset="238">% of the Earth's crust by weight and ranks 27th in abundance.</text>
   </par>
</scrollbox>
