﻿<?xml version="1.0" encoding="windows-1252"?>
<!-- File created by XML_Editor.ocx (RTF-XML editor-parser) v2.8 (xml) -->
<scrollbox>
   <par align="l" li="0" ri="0" iln="0">
      <text fn="Arial" fh="15" fc="16777215" fa="1" charset="238">Niobium is a grey-coloured, fairly hard, malleable and ductile metal. It is resistant to atmospheric exposure, acids and alkalis. It reacts gradually with hydrofluoric acid - HF. Niobium burns when heated. At high temperatures it reacts with hydrogen, nitrogen, carbon and the halogens. Niobium was discovered by an English chemist, Charles Hatchett, in 1801. It is named after Niobe, the mythical daughter of Tantalus, since it is usually found associated with tantalum.</text>
   </par>
   <par align="l" li="0" ri="0" iln="0">
      <text fn="Arial" fh="15" fc="16777215" fa="1" charset="0"></text>
   </par>
</scrollbox>
