﻿<?xml version="1.0" encoding="windows-1252"?>
<!-- File created by XML_Editor.ocx (RTF-XML editor-parser) v2.8 (xml) -->
<scrollbox>
   <par align="l" li="0" ri="0" iln="0">
      <text fn="Arial" fh="15" fc="16777215" fa="1" charset="238">Niobium occurs naturally only in the combined state, usually in association with tantalum. It constitutes 2 · </text>
      <subsup>
      <text fn="Arial" fh="15" fc="16777215" fa="1" charset="238">10</text>
      <text fn="Arial" fh="15" fc="16777215" fa="1" charset="238">-3</text>
      </subsup>
      <text fn="Arial" fh="15" fc="16777215" fa="1" charset="238">% of the Earth's crust by weight and in terms of abundance niobium ranks 33rd.</text>
   </par>
</scrollbox>
