﻿<?xml version="1.0" encoding="windows-1252"?>
<!-- File created by XML_Editor.ocx (RTF-XML editor-parser) v2.8 (xml) -->
<scrollbox>
   <par align="l" li="0" ri="0" iln="0">
      <text fn="Arial" fh="15" fc="16777215" fa="1" charset="238">In nature osmium is usually associated with platinum deposits. Considerable amounts of the element are found in nickel ores. Osmium also occurs native. Its content in the Earth's crust is estimated at </text>
      <subsup>
      <text fn="Arial" fh="15" fc="16777215" fa="1" charset="238">10</text>
      <text fn="Arial" fh="15" fc="16777215" fa="1" charset="238">-8</text>
      </subsup>
      <text fn="Arial" fh="15" fc="16777215" fa="1" charset="238">% by weight. It ranks 80th among the elements in terms of abundance.</text>
   </par>
</scrollbox>
