﻿<?xml version="1.0" encoding="windows-1252"?>
<!-- File created by XML_Editor.ocx (RTF-XML editor-parser) v2.8 (xml) -->
<scrollbox>
   <par align="l" li="0" ri="0" iln="0">
      <text fn="Arial" fh="15" fc="16777215" fa="1" charset="238">Osmium is used as an alloy additive, improving abrasion resistance. Osmium alloys are utilised in the manufacture of electrical contacts, incandescent lamp filaments, ballpoint-pen tips and fountain-pen nibs. Osmium(IV) chloride - </text>
      <text fn="Arial" fh="15" fc="16777215" fa="1" charset="0">OsC</text>
      <subsup>
      <text fn="Arial" fh="15" fc="16777215" fa="1" charset="0">l</text>
      <text fn="Arial" fh="13" fc="0" fa="1" charset="238"></text>
      <text fn="Arial" fh="15" fc="16777215" fa="1" charset="0">4</text>
      </subsup>
      <text fn="Arial" fh="15" fc="16777215" fa="1" charset="0"> – is used in the detection of fingerprints.</text>
   </par>
</scrollbox>
