﻿<?xml version="1.0" encoding="windows-1252"?>
<!-- File created by XML_Editor.ocx (RTF-XML editor-parser) v2.8 (xml) -->
<scrollbox>
   <par align="l" li="0" ri="0" iln="0">
      <text fn="Arial" fh="15" fc="16777215" fa="1" charset="238">Promethium is a silvery-white metal belonging to the lanthanide group. It was artificially produced in 1947 by Charles du Bois Coryell, Jacob Marinsky and Lawrence Glendenin. The existence of the element was predicted as early as 1912. In chemical properties promethium resembles neodymium. It reacts with oxygen to produce promethium(III) oxide - P</text>
      <subsup>
      <text fn="Arial" fh="15" fc="16777215" fa="1" charset="238">m</text>
      <text fn="Arial" fh="13" fc="0" fa="1" charset="238"></text>
      <text fn="Arial" fh="15" fc="16777215" fa="1" charset="238">2</text>
      </subsup>
      <subsup>
      <text fn="Arial" fh="15" fc="16777215" fa="1" charset="0">O</text>
      <text fn="Arial" fh="13" fc="0" fa="1" charset="238"></text>
      <text fn="Arial" fh="15" fc="16777215" fa="1" charset="0">3</text>
      </subsup>
      <text fn="Arial" fh="15" fc="16777215" fa="1" charset="0">. In reaction with nitrogen, promethium(III) nitride - PmN - is produced, in reaction with chlorine - promethium(III) chloride, PmC</text>
      <subsup>
      <text fn="Arial" fh="15" fc="16777215" fa="1" charset="0">l</text>
      <text fn="Arial" fh="13" fc="0" fa="1" charset="238"></text>
      <text fn="Arial" fh="15" fc="16777215" fa="1" charset="0">3</text>
      </subsup>
      <text fn="Arial" fh="15" fc="16777215" fa="1" charset="238">. Promethium salts are radioactive, they glow in the dark with a pale-blue or yellowish-green light. Promethium is an unstable element. Its longest-lived isotope is promethium-147 with a half-life </text>
      <text fn="Symbol" fh="15" fc="16777215" fa="1" charset="2">t</text>
      <subsup>
      <text fn="Arial" fh="13" fc="0" fa="1" charset="238"></text>
      <text fn="Arial" fh="13" fc="0" fa="1" charset="238"></text>
      <text fn="Symbol" fh="15" fc="16777215" fa="1" charset="2">1/2</text>
      </subsup>
      <text fn="Symbol" fh="15" fc="16777215" fa="1" charset="2"> </text>
      <text fn="Arial" fh="15" fc="16777215" fa="1" charset="238">= 17.7 years, while the least stable isotope, promethium-140, has a half-life of 2 seconds. The element was named after the Greek Titan, Prometheus.</text>
   </par>
   <par align="l" li="0" ri="0" iln="0">
      <text fn="Arial" fh="13" fc="0" fa="1" charset="0"> </text>
   </par>
</scrollbox>
