﻿<?xml version="1.0" encoding="windows-1252"?>
<!-- File created by XML_Editor.ocx (RTF-XML editor-parser) v2.8 (xml) -->
<scrollbox>
   <par align="l" li="0" ri="0" iln="0">
      <text fn="Arial" fh="15" fc="16777215" fa="1" charset="238">In nature rhenium is only found in the combined state. It is a scarce element, whose content in the Earth's crust is estimated at 4 · </text>
      <subsup>
      <text fn="Arial" fh="15" fc="16777215" fa="1" charset="238">10</text>
      <text fn="Arial" fh="15" fc="16777215" fa="1" charset="238">-8</text>
      </subsup>
      <text fn="Arial" fh="15" fc="16777215" fa="1" charset="238">% by weight; rhenium ranks 78th in abundance among the elements. Rhenium does not form its own particular minerals, but accompanies molybdenum ores. Small amounts of rhenium are found in molybdenite  – Mo</text>
      <subsup>
      <text fn="Arial" fh="15" fc="16777215" fa="1" charset="238">S</text>
      <text fn="Arial" fh="13" fc="0" fa="1" charset="238"></text>
      <text fn="Arial" fh="15" fc="16777215" fa="1" charset="238">2</text>
      </subsup>
      <text fn="Arial" fh="15" fc="16777215" fa="1" charset="0">.</text>
   </par>
</scrollbox>
