﻿<?xml version="1.0" encoding="windows-1252"?>
<!-- File created by XML_Editor.ocx (RTF-XML editor-parser) v2.8 (xml) -->
<scrollbox>
   <par align="l" li="0" ri="0" iln="0">
      <text fn="Arial" fh="15" fc="16777215" fa="1" charset="238">The chief source of mercury is the mineral cinnabar - HgS. Mercury is easily obtained from the ore by reduction with oxygen, iron or calcium oxide at a high temperature.</text>
   </par>
   <par align="l" li="0" ri="0" iln="0">
      <text fn="Arial" fh="15" fc="0" fa="1" charset="0"></text>
   </par>
</scrollbox>
