﻿<?xml version="1.0" encoding="windows-1250"?>
<!-- File created by XML_Editor.ocx (RTF-XML editor-parser) v2.7 (xml) -->
<scrollbox>
   <par align="l" li="0" ri="0" iln="0">
      <text fn="Arial" fh="15" fc="16777215" fa="1" charset="238">Rubidium is found in nature as impurities in numerous minerals, often in association with potassium and caesium. It ranks 22nd in abundance, constituting </text>
      <text fn="Arial" fh="15" fc="16777215" fa="1" charset="0">9 · </text>
      <subsup>
      <text fn="Arial" fh="15" fc="16777215" fa="1" charset="0">10</text>
      <text fn="Arial" fh="15" fc="16777215" fa="1" charset="238">-3</text>
      </subsup>
      <text fn="Arial" fh="15" fc="16777215" fa="1" charset="238">% of the Earth's crust by weight. It never occurs free.</text>
   </par>
</scrollbox>
