﻿<?xml version="1.0" encoding="windows-1252"?>
<!-- File created by XML_Editor.ocx (RTF-XML editor-parser) v2.8 (xml) -->
<scrollbox>
   <par align="l" li="0" ri="0" iln="0">
      <text fn="Arial" fh="15" fc="16777215" fa="1" charset="238">Samarium is found in nature only in the combined state, </text>
      <text fn="Arial" fh="15" fc="16777215" fa="1" charset="0">above all in the mineral samarskite and in monazite sand, which is a mixture of the phosphates of cerium, thorium, lanthanum and other lanthanides - including samarium to the extent of about 2.8% by weight. In terms of abundance in the </text>
      <text fn="Arial" fh="15" fc="16777215" fa="1" charset="238">Earth's</text>
      <text fn="Arial" fh="15" fc="16777215" fa="1" charset="0"> crust samarium ranks 40th </text>
      <text fn="Arial" fh="15" fc="16777215" fa="1" charset="238">(7.9 · </text>
      <subsup>
      <text fn="Arial" fh="15" fc="16777215" fa="1" charset="238">10</text>
      <text fn="Arial" fh="13" fc="0" fa="1" charset="238"></text>
      <text fn="Arial" fh="15" fc="16777215" fa="1" charset="238">-3</text>
      </subsup>
      <text fn="Arial" fh="15" fc="16777215" fa="1" charset="0">% by weight).</text>
   </par>
</scrollbox>
