﻿<?xml version="1.0" encoding="windows-1252"?>
<!-- File created by XML_Editor.ocx (RTF-XML editor-parser) v2.8 (xml) -->
<scrollbox>
   <par align="l" li="0" ri="0" iln="0">
      <text fn="Arial" fh="15" fc="16777215" fa="1" charset="238">Sodium is a silvery-white metal, soft enough to be cut with a knife. A freshly cut surface soon becomes covered with a thin layer of sodium oxide , N</text>
      <subsup>
      <text fn="Arial" fh="15" fc="16777215" fa="1" charset="0">a</text>
      <text fn="Arial" fh="13" fc="0" fa="1" charset="238"></text>
      <text fn="Arial" fh="15" fc="16777215" fa="1" charset="0">2</text>
      </subsup>
      <text fn="Arial" fh="15" fc="16777215" fa="1" charset="0">O),</text>
      <text fn="Arial" fh="15" fc="16777215" fa="1" charset="238"> and loses its metallic lustre. Sodium is a very reactive element and has to be stored in kerosene. The metal reacts violently  with water to produce sodium hydroxide - NaOH - and hydrogen, </text>
      <subsup>
      <text fn="Arial" fh="15" fc="16777215" fa="1" charset="0">H</text>
      <text fn="Arial" fh="13" fc="0" fa="1" charset="238"></text>
      <text fn="Arial" fh="15" fc="16777215" fa="1" charset="0">2</text>
      </subsup>
      <text fn="Arial" fh="15" fc="16777215" fa="1" charset="238">. </text>
      <text fn="Arial" fh="15" fc="16777215" fa="1" charset="0">Sodium is lighter than water and floats on the surface. In air sodium burns with a bright yellow- orange flame. The element was discovered in 1807 by the English chemist Humphry Davy. </text>
   </par>
</scrollbox>
