﻿<?xml version="1.0" encoding="windows-1252"?>
<!-- File created by XML_Editor.ocx (RTF-XML editor-parser) v2.8 (xml) -->
<scrollbox>
   <par align="l" li="0" ri="0" iln="0">
      <text fn="Arial" fh="15" fc="16777215" fa="1" charset="238">Strontium is a silvery-white metal, soft and lustrous. Its ions impart a red colour to a flame. Due to its high reactivity, strontium has to be stored in kerosene. It loses its lustre on exposure to air, becoming covered in a yellow coating of the products of reaction with oxygen and nitrogen - strontium oxide - SrO and strontium nitride  – S</text>
      <subsup>
      <text fn="Arial" fh="15" fc="16777215" fa="1" charset="238">r</text>
      <text fn="Arial" fh="13" fc="0" fa="1" charset="238"></text>
      <text fn="Arial" fh="15" fc="16777215" fa="1" charset="238">3</text>
      </subsup>
      <subsup>
      <text fn="Arial" fh="15" fc="16777215" fa="1" charset="0">N</text>
      <text fn="Arial" fh="13" fc="0" fa="1" charset="238"></text>
      <text fn="Arial" fh="15" fc="16777215" fa="1" charset="0">2</text>
      </subsup>
      <text fn="Arial" fh="15" fc="16777215" fa="1" charset="238">. </text>
      <text fn="Arial" fh="15" fc="16777215" fa="1" charset="0">Strontium reacts with water, forming strontium hydroxide</text>
      <text fn="Arial" fh="15" fc="16777215" fa="1" charset="238"> – Sr(OH</text>
      <subsup>
      <text fn="Arial" fh="15" fc="16777215" fa="1" charset="238">)</text>
      <text fn="Arial" fh="13" fc="0" fa="1" charset="238"></text>
      <text fn="Arial" fh="15" fc="16777215" fa="1" charset="238">2</text>
      </subsup>
      <text fn="Arial" fh="15" fc="16777215" fa="1" charset="0"> - </text>
      <text fn="Arial" fh="15" fc="16777215" fa="1" charset="238">and </text>
      <text fn="Arial" fh="15" fc="16777215" fa="1" charset="0">displacing hydrogen </text>
      <subsup>
      <text fn="Arial" fh="15" fc="16777215" fa="1" charset="0">H</text>
      <text fn="Arial" fh="13" fc="0" fa="1" charset="238"></text>
      <text fn="Arial" fh="15" fc="16777215" fa="1" charset="0">2</text>
      </subsup>
      <text fn="Arial" fh="15" fc="16777215" fa="1" charset="0">. A radioactive isotope of strontium,</text>
      <subsup>
      <text fn="Arial" fh="13" fc="0" fa="1" charset="238"></text>
      <text fn="Arial" fh="15" fc="16777215" fa="1" charset="0">90</text>
      </subsup>
      <text fn="Arial" fh="15" fc="16777215" fa="1" charset="238">Sr, </text>
      <text fn="Arial" fh="15" fc="16777215" fa="1" charset="0">a product of nuclear fission, is a radioactive poison, accumulating in bone marrow. The element was named after the Scottish town of Strontian, where strontium minerals were found at the end of the 18th century. Strontium was first obtained by the English chemist Humphry Davy in 1808.</text>
   </par>
</scrollbox>
