﻿<?xml version="1.0" encoding="windows-1250"?>
<!-- File created by XML_Editor.ocx (RTF-XML editor-parser) v2.7 (xml) -->
<scrollbox>
   <par align="l" li="0" ri="0" iln="0">
      <text fn="Arial" fh="15" fc="16777215" fa="1" charset="238"></text>
   </par>
   <par align="l" li="0" ri="0" iln="0">
      <text fn="Arial" fh="15" fc="16777215" fa="1" charset="238">Strontium is obtained by the electrolysis of molten strontium salts.</text>
   </par>
   <par align="l" li="0" ri="0" iln="0">
      <text fn="Arial" fh="15" fc="16777215" fa="1" charset="238"></text>
   </par>
   <par align="l" li="0" ri="0" iln="0">
      <text fn="Arial" fh="16" fc="0" fa="1" charset="238"></text>
   </par>
   <par align="l" li="0" ri="0" iln="0">
      <text fn="Arial" fh="15" fc="16777215" fa="1" charset="238"></text>
   </par>
   <par align="l" li="0" ri="0" iln="0">
      <text fn="Arial" fh="16" fc="0" fa="1" charset="0"></text>
   </par>
   <par align="l" li="0" ri="0" iln="0">
      <text fn="Arial" fh="16" fc="0" fa="1" charset="0"></text>
   </par>
</scrollbox>
