﻿<?xml version="1.0" encoding="windows-1252"?>
<!-- File created by XML_Editor.ocx (RTF-XML editor-parser) v2.8 (xml) -->
<scrollbox>
   <par align="l" li="0" ri="0" iln="0">
      <text fn="Arial" fh="15" fc="16777215" fa="1" charset="238">The amalgam of thallium (an alloy of thallium and mercury), with a freezing point of 60</text>
      <text fn="Symbol" fh="15" fc="16777215" fa="1" charset="2">°</text>
      <text fn="Arial" fh="15" fc="16777215" fa="1" charset="238">C, has an application as a thermometric liquid. Thallium compounds: thallium(I) iodide, Tl I, and thallium(I) bromide TlBr, are used in the production of lenses.</text>
   </par>
</scrollbox>
