﻿<?xml version="1.0" encoding="windows-1252"?>
<!-- File created by XML_Editor.ocx (RTF-XML editor-parser) v2.8 (xml) -->
<scrollbox>
   <par align="l" li="0" ri="0" iln="0">
      <text fn="Arial" fh="15" fc="16777215" fa="1" charset="0">Tantalum is a very hard, lustrous metal, bluish-grey in colour. It is ductile and malleable. Tantalum is characterised by very high chemical resistance to most reagents; at room temperature it remains unaffected by alkalis and acids, with the exception of hydrofluoric acid. Tantalum burns when heated to form tantalum(V) oxide</text>
      <text fn="Arial" fh="15" fc="16777215" fa="1" charset="238"> – T</text>
      <subsup>
      <text fn="Arial" fh="15" fc="16777215" fa="1" charset="238">a</text>
      <text fn="Arial" fh="13" fc="0" fa="1" charset="238"></text>
      <text fn="Arial" fh="15" fc="16777215" fa="1" charset="238">2</text>
      </subsup>
      <subsup>
      <text fn="Arial" fh="15" fc="16777215" fa="1" charset="238">O</text>
      <text fn="Arial" fh="13" fc="0" fa="1" charset="238"></text>
      <text fn="Arial" fh="15" fc="16777215" fa="1" charset="238">5</text>
      </subsup>
      <text fn="Arial" fh="15" fc="16777215" fa="1" charset="238">. Tantalum was discovered by the Swedish chemist Anders Gustaf Ekebeg in 1802. It was first isolated by the Swedish chemist Jöns Jacob Berzelius in 1820. The element was named after the mythological character Tantalus, the father of Niobe.</text>
   </par>
</scrollbox>
