﻿<?xml version="1.0" encoding="windows-1252"?>
<!-- File created by XML_Editor.ocx (RTF-XML editor-parser) v2.8 (xml) -->
<scrollbox>
   <par align="l" li="0" ri="0" iln="0">
      <text fn="Arial" fh="15" fc="16777215" fa="1" charset="238">Technetium occurs in nature in trace quantities. It constitutes 7 · </text>
      <subsup>
      <text fn="Arial" fh="15" fc="16777215" fa="1" charset="238">10</text>
      <text fn="Arial" fh="15" fc="16777215" fa="1" charset="238">-8</text>
      </subsup>
      <text fn="Arial" fh="15" fc="16777215" fa="1" charset="238">% of the Earth's crust by weight and ranks 76th in abundance among the elements. It is probably present in outer space as well.</text>
   </par>
</scrollbox>
