﻿<?xml version="1.0" encoding="windows-1250"?>
<!-- File created by XML_Editor.ocx (RTF-XML editor-parser) v2.7 (xml) -->
<scrollbox>
   <par align="l" li="0" ri="0" iln="0">
      <text fn="Arial" fh="15" fc="16777215" fa="1" charset="238">Technetium is a product of uranium (</text>
      <subsup>
      <text fn="Arial" fh="13" fc="0" fa="1" charset="238"></text>
      <text fn="Arial" fh="15" fc="16777215" fa="1" charset="238">235</text>
      </subsup>
      <text fn="Arial" fh="15" fc="16777215" fa="1" charset="238">U) fission. It is also obtained by the neutron bombardment of molybdenum (</text>
      <subsup>
      <text fn="Arial" fh="13" fc="0" fa="1" charset="238"></text>
      <text fn="Arial" fh="15" fc="16777215" fa="1" charset="238">98</text>
      </subsup>
      <text fn="Arial" fh="15" fc="16777215" fa="1" charset="238">Mo).</text>
   </par>
</scrollbox>
